datetime,count
2011-01-20 00:00:00,52.6173203636265
2011-01-20 01:00:00,54.869478332258566
2011-01-20 02:00:00,57.409575821264134
2011-01-20 03:00:00,60.66261127304275
2011-01-20 04:00:00,63.470892876124545
2011-01-20 05:00:00,60.58936572899379
2011-01-20 06:00:00,61.443229575789246
2011-01-20 07:00:00,67.94618649271624
2011-01-20 08:00:00,72.15714846023474
2011-01-20 09:00:00,85.88506920880992
2011-01-20 10:00:00,88.3949192710852
2011-01-20 11:00:00,109.89184935371406
2011-01-20 12:00:00,129.2398897809951
2011-01-20 13:00:00,122.28905958830539
2011-01-20 14:00:00,132.9696875924364
2011-01-20 15:00:00,145.69438073296243
2011-01-20 16:00:00,139.26103741823312
2011-01-20 17:00:00,149.22240586977674
2011-01-20 18:00:00,130.435510209818
2011-01-20 19:00:00,122.48547436262484
2011-01-20 20:00:00,135.3921562627791
2011-01-20 21:00:00,136.3090381874997
2011-01-20 22:00:00,131.76514143891401
2011-01-20 23:00:00,139.41269457188216
2011-01-21 00:00:00,47.17652195207715
2011-01-21 01:00:00,49.36048594431429
2011-01-21 02:00:00,36.649400169072294
2011-01-21 03:00:00,35.249618060688185
2011-01-21 04:00:00,47.85372375759137
2011-01-21 05:00:00,59.748740866480766
2011-01-21 06:00:00,65.42391865321584
2011-01-21 07:00:00,67.73192990971316
2011-01-21 08:00:00,74.90749518814137
2011-01-21 09:00:00,75.53943273922965
2011-01-21 10:00:00,82.20150131423492
2011-01-21 11:00:00,94.81234176782932
2011-01-21 12:00:00,119.32873679931093
2011-01-21 13:00:00,125.36640233176409
2011-01-21 14:00:00,123.63569237462825
2011-01-21 15:00:00,117.99243585053698
2011-01-21 16:00:00,124.562405860148
2011-01-21 17:00:00,123.5519484233893
2011-01-21 18:00:00,123.19101598712906
2011-01-21 19:00:00,127.3004849343707
2011-01-21 20:00:00,123.78965104203478
2011-01-21 21:00:00,118.51307774766082
2011-01-21 22:00:00,112.11610149822491
2011-01-21 23:00:00,123.27049256176389
2011-01-22 00:00:00,38.36313638585326
2011-01-22 01:00:00,44.129318222273625
2011-01-22 02:00:00,47.522395012778794
2011-01-22 03:00:00,50.094220383602725
2011-01-22 04:00:00,47.19701035145479
2011-01-22 06:00:00,54.684575735227085
2011-01-22 07:00:00,52.00503523402641
2011-01-22 08:00:00,53.32996586673367
2011-01-22 09:00:00,60.259524909080554
2011-01-22 10:00:00,71.04001980895183
2011-01-22 11:00:00,78.68993569398121
2011-01-22 12:00:00,86.9781497874535
2011-01-22 13:00:00,95.90800693524763
2011-01-22 14:00:00,98.93956584307377
2011-01-22 15:00:00,109.96097060483876
2011-01-22 16:00:00,117.05778467249793
2011-01-22 17:00:00,132.18552413104055
2011-01-22 18:00:00,107.99817892460878
2011-01-22 19:00:00,114.86429430082033
2011-01-22 20:00:00,101.84432165987901
2011-01-22 21:00:00,116.36156363694997
2011-01-22 22:00:00,119.6342203470143
2011-01-22 23:00:00,100.63440053320286
2011-01-23 00:00:00,35.539867679533245
2011-01-23 01:00:00,37.18513079112545
2011-01-23 02:00:00,35.94465921327168
2011-01-23 03:00:00,37.608661521766635
2011-01-23 05:00:00,48.24257772277667
2011-01-23 06:00:00,50.475893115256675
2011-01-23 07:00:00,52.120197782319394
2011-01-23 08:00:00,49.01929770650708
2011-01-23 09:00:00,58.8132875138616
2011-01-23 10:00:00,72.0920327331443
2011-01-23 11:00:00,79.66286603697851
2011-01-23 12:00:00,91.62662376847402
2011-01-23 13:00:00,95.35542555397367
2011-01-23 14:00:00,111.39433526504747
2011-01-23 15:00:00,116.55116343065892
2011-01-23 16:00:00,123.75426200342432
2011-01-23 17:00:00,123.48437245204109
2011-01-23 18:00:00,123.30400614662872
2011-01-23 19:00:00,129.97699413990773
2011-01-23 20:00:00,122.44825029793563
2011-01-23 21:00:00,126.22498332487338
2011-01-23 22:00:00,125.20103896361441
2011-01-23 23:00:00,119.95331842827372
2011-01-24 00:00:00,42.00951466422237
2011-01-24 01:00:00,40.764730170486814
2011-01-24 03:00:00,43.901208569603135
2011-01-24 04:00:00,45.90377054046981
2011-01-24 05:00:00,48.02881447800599
2011-01-24 06:00:00,51.2735977340135
2011-01-24 07:00:00,57.59698349307228
2011-01-24 08:00:00,61.492424239286976
2011-01-24 09:00:00,72.51398235713549
2011-01-24 10:00:00,72.7413222892519
2011-01-24 11:00:00,72.9731020041641
2011-01-24 12:00:00,90.4753270986698
2011-01-24 13:00:00,94.32177285214604
2011-01-24 14:00:00,95.46472699710269
2011-01-24 15:00:00,103.39415869311803
2011-01-24 16:00:00,99.22173376187628
2011-01-24 17:00:00,94.35726633282194
2011-01-24 18:00:00,90.83984522703045
2011-01-24 19:00:00,102.85585702086577
2011-01-24 20:00:00,99.44510239694176
2011-01-24 21:00:00,101.92212268290014
2011-01-24 22:00:00,113.59084670315649
2011-01-24 23:00:00,122.1520812394034
2011-01-25 00:00:00,39.86409424106441
2011-01-25 01:00:00,43.08998189471503
2011-01-25 02:00:00,40.970149107990075
2011-01-25 04:00:00,42.50023721991432
2011-01-25 05:00:00,43.043141133083196
2011-01-25 06:00:00,47.99377717572624
2011-01-25 07:00:00,48.60685632871146
2011-01-25 08:00:00,57.30124818645754
2011-01-25 09:00:00,72.72664247558473
2011-01-25 10:00:00,82.35237541933495
2011-01-25 11:00:00,86.80697267982491
2011-01-25 12:00:00,103.09533468592382
2011-01-25 13:00:00,105.7192568365923
2011-01-25 14:00:00,136.86142755810593
2011-01-25 15:00:00,152.7330334859824
2011-01-25 16:00:00,159.80357263885531
2011-01-25 17:00:00,144.80862230855286
2011-01-25 18:00:00,155.55180606152453
2011-01-25 19:00:00,122.6187244247279
2011-01-25 20:00:00,112.1826432157966
2011-01-25 21:00:00,117.3759648766465
2011-01-25 22:00:00,123.25802877882042
2011-01-25 23:00:00,139.60979495437823
2011-01-26 00:00:00,46.303294416570374
2011-01-26 01:00:00,52.23745348556356
2011-01-26 02:00:00,38.251664258109734
2011-01-26 05:00:00,33.801926080057974
2011-01-26 06:00:00,35.36673387793034
2011-01-26 07:00:00,39.09451953247627
2011-01-26 08:00:00,40.904339744306895
2011-01-26 09:00:00,42.79794277885333
2011-01-26 10:00:00,41.746383653105006
2011-01-26 11:00:00,42.81875994692234
2011-01-26 12:00:00,44.80098809869916
2011-01-26 13:00:00,46.87498043165652
2011-01-26 14:00:00,49.410537643614646
2011-01-26 15:00:00,51.42878436153448
2011-01-26 16:00:00,53.6910157191081
2011-01-26 17:00:00,54.85348465552841
2011-01-27 16:00:00,104.56509373048523
2011-01-27 17:00:00,110.36746287859216
2011-01-27 18:00:00,95.51913707981264
2011-01-27 19:00:00,99.94104754120237
2011-01-27 20:00:00,95.89235424251869
2011-01-27 21:00:00,100.33154221422303
2011-01-27 22:00:00,104.97623551535432
2011-01-27 23:00:00,101.50469715757005
2011-01-28 00:00:00,41.99435928963243
2011-01-28 01:00:00,43.9384230902405
2011-01-28 02:00:00,46.316290435248874
2011-01-28 03:00:00,49.26090484535422
2011-01-28 05:00:00,49.45337952321231
2011-01-28 06:00:00,50.534490643219684
2011-01-28 07:00:00,48.92816019175414
2011-01-28 08:00:00,51.19321356244881
2011-01-28 09:00:00,41.07930843939795
2011-01-28 10:00:00,43.140891671273295
2011-01-28 11:00:00,41.7724608918582
2011-01-28 12:00:00,43.70625224993301
2011-01-28 13:00:00,45.72956548286799
2011-01-28 14:00:00,60.9767158768107
2011-01-28 15:00:00,77.84222814003046
2011-01-28 16:00:00,82.93793498759992
2011-01-28 17:00:00,89.1078268975206
2011-01-28 18:00:00,91.73679536768542
2011-01-28 19:00:00,105.60148627429895
2011-01-28 20:00:00,114.9040371854146
2011-01-28 21:00:00,112.07028627488407
2011-01-28 22:00:00,124.0014099442975
2011-01-28 23:00:00,136.82313255274113
2011-01-29 00:00:00,44.954023553175126
2011-01-29 01:00:00,48.05235729059458
2011-01-29 02:00:00,49.90490476713269
2011-01-29 03:00:00,50.23253143161246
2011-01-29 04:00:00,46.37817043307948
2011-01-29 06:00:00,54.06088414295602
2011-01-29 07:00:00,59.34022964261749
2011-01-29 08:00:00,67.96251034227178
2011-01-29 09:00:00,68.88207016051904
2011-01-29 10:00:00,74.09378891638094
2011-01-29 11:00:00,75.71356940243206
2011-01-29 12:00:00,84.98172477655235
2011-01-29 13:00:00,98.18531818080987
2011-01-29 14:00:00,96.4776504453214
2011-01-29 15:00:00,84.27740194507075
2011-01-29 16:00:00,101.39322246854077
2011-01-29 17:00:00,111.82294680903942
2011-01-29 18:00:00,96.67763110971642
2011-01-29 19:00:00,109.3383034322712
2011-01-29 20:00:00,95.98030621136837
2011-01-29 21:00:00,100.42356578320486
2011-01-29 22:00:00,95.31418261192863
2011-01-29 23:00:00,99.72660502376775
2011-01-30 00:00:00,34.26233727389325
2011-01-30 01:00:00,37.172680871649355
2011-01-30 02:00:00,40.12853160136402
2011-01-30 03:00:00,35.239787430879105
2011-01-30 04:00:00,36.87115879228024
2011-01-30 05:00:00,41.68625268275857
2011-01-30 07:00:00,45.635190771419
2011-01-30 08:00:00,51.6892870137844
2011-01-30 09:00:00,59.6313965500298
2011-01-30 10:00:00,64.35985402438116
2011-01-30 11:00:00,69.97153136879434
2011-01-30 12:00:00,106.43757274707214
2011-01-30 13:00:00,94.71493094547267
2011-01-30 14:00:00,101.8464815550364
2011-01-30 15:00:00,117.22033526793071
2011-01-30 16:00:00,122.64686907733653
2011-01-30 17:00:00,122.67491370386001
2011-01-30 18:00:00,108.35632639350246
2011-01-30 19:00:00,114.21752702373874
2011-01-30 20:00:00,130.5071318570479
2011-01-30 21:00:00,123.2107311407032
2011-01-30 22:00:00,125.90426781756338
2011-01-30 23:00:00,137.99145358094523
2011-01-31 00:00:00,49.49239740151012
2011-01-31 01:00:00,47.22820482376956
2011-01-31 02:00:00,50.23079529853777
2011-01-31 03:00:00,52.55615214330216
2011-01-31 04:00:00,55.01586773744377
2011-01-31 05:00:00,51.94003723639894
2011-01-31 06:00:00,48.85444223919215
2011-01-31 07:00:00,57.83543331146003
2011-01-31 08:00:00,63.95655249241575
2011-01-31 09:00:00,67.16624031813538
2011-01-31 10:00:00,70.62883753723217
2011-01-31 11:00:00,73.89849014433983
2011-01-31 12:00:00,89.52786921748601
2011-01-31 13:00:00,90.08418352309295
2011-01-31 14:00:00,95.72021649791621
2011-01-31 15:00:00,92.86482936247914
2011-01-31 16:00:00,101.95019656714855
2011-01-31 17:00:00,96.95196289611857
2011-01-31 18:00:00,106.82574847768952
2011-01-31 19:00:00,132.13071314745466
2011-01-31 20:00:00,84.5548830017374
2011-01-31 21:00:00,92.42328182059804
2011-01-31 22:00:00,126.5321360673483
2011-01-31 23:00:00,128.75977021312357
2011-02-20 00:00:00,65.36864105699273
2011-02-20 01:00:00,62.273579963434635
2011-02-20 02:00:00,66.62589893642259
2011-02-20 03:00:00,65.35791414752141
2011-02-20 04:00:00,68.38355752265002
2011-02-20 06:00:00,67.9799148296216
2011-02-20 07:00:00,65.2332839262299
2011-02-20 08:00:00,74.49053965151874
2011-02-20 09:00:00,82.56406956539055
2011-02-20 10:00:00,107.3194829304265
2011-02-20 11:00:00,133.69531265157653
2011-02-20 12:00:00,131.3522852592831
2011-02-20 13:00:00,144.37722438041683
2011-02-20 14:00:00,166.0018432231364
2011-02-20 15:00:00,175.86512496696764
2011-02-20 16:00:00,179.9774995597841
2011-02-20 17:00:00,177.9214776967684
2011-02-20 18:00:00,187.54040426995115
2011-02-20 19:00:00,196.2222967255085
2011-02-20 20:00:00,197.7357633709557
2011-02-20 21:00:00,177.56998979108255
2011-02-20 22:00:00,171.1533126188148
2011-02-20 23:00:00,168.79050458702432
2011-02-21 00:00:00,73.26910071770618
2011-02-21 01:00:00,76.66098021814109
2011-02-21 02:00:00,80.20988152494145
2011-02-21 03:00:00,83.300112201675
2011-02-21 04:00:00,77.70898850284478
2011-02-21 05:00:00,102.47518080758806
2011-02-21 06:00:00,146.14232592787636
2011-02-21 07:00:00,152.34108180745648
2011-02-21 08:00:00,88.47090822727483
2011-02-21 09:00:00,92.22347996899092
2011-02-21 10:00:00,95.77655624210172
2011-02-21 11:00:00,102.76107880150586
2011-02-21 12:00:00,96.47477171947642
2011-02-21 13:00:00,59.85932561420311
2011-02-21 14:00:00,93.0101990724137
2011-02-21 15:00:00,102.55865296870093
2011-02-21 16:00:00,70.39806060876502
2011-02-21 17:00:00,101.45990355980037
2011-02-21 18:00:00,84.02020361556531
2011-02-21 19:00:00,87.90978876775667
2011-02-21 20:00:00,73.62787291566431
2011-02-21 21:00:00,81.00559575575082
2011-02-21 22:00:00,79.04425141395215
2011-02-21 23:00:00,82.70348256831258
2011-02-22 06:00:00,44.879133678919224
2011-02-22 07:00:00,46.95674364044037
2011-02-22 08:00:00,48.76583707030764
2011-02-22 09:00:00,54.52733146917615
2011-02-22 10:00:00,59.22805249710517
2011-02-22 11:00:00,71.92118320775586
2011-02-22 12:00:00,81.63134005331784
2011-02-22 13:00:00,90.61523838431032
2011-02-22 14:00:00,95.51678968273981
2011-02-22 15:00:00,107.99055849023821
2011-02-22 16:00:00,108.49052075043639
2011-02-22 17:00:00,111.66837368186023
2011-02-22 18:00:00,123.22336038961838
2011-02-22 19:00:00,121.86123309560253
2011-02-22 20:00:00,129.60870897578272
2011-02-22 21:00:00,136.61949156704736
2011-02-22 22:00:00,136.06859125944152
2011-02-22 23:00:00,142.36767587799227
2011-02-23 00:00:00,44.44069512325672
2011-02-23 01:00:00,49.76522546070248
2011-02-23 02:00:00,49.4440061216181
2011-02-23 03:00:00,50.5261713589349
2011-02-23 05:00:00,56.21460958349711
2011-02-23 06:00:00,58.81697783973987
2011-02-23 07:00:00,59.31317193680726
2011-02-23 08:00:00,62.52309265671424
2011-02-23 09:00:00,75.19138988393394
2011-02-23 10:00:00,95.42144163600622
2011-02-23 11:00:00,101.34469546985531
2011-02-23 12:00:00,120.1571274445396
2011-02-23 13:00:00,144.58327175745268
2011-02-23 14:00:00,154.90416521028015
2011-02-23 15:00:00,174.14460712240654
2011-02-23 16:00:00,183.8033979344243
2011-02-23 17:00:00,190.64132313173266
2011-02-23 18:00:00,191.19968100025542
2011-02-23 19:00:00,181.0470877582934
2011-02-23 20:00:00,121.40170978807075
2011-02-23 21:00:00,152.9103625482333
2011-02-23 22:00:00,159.98911087530382
2011-02-23 23:00:00,148.8419981301276
2011-02-24 00:00:00,52.56477795539477
2011-02-24 01:00:00,52.036825674802365
2011-02-24 02:00:00,48.940885836777326
2011-02-24 03:00:00,50.18650063410714
2011-02-24 05:00:00,51.982406765703686
2011-02-24 06:00:00,53.51605552752884
2011-02-24 07:00:00,54.16454203957522
2011-02-24 08:00:00,62.12720798932813
2011-02-24 09:00:00,65.74191345060787
2011-02-24 10:00:00,77.08739085431176
2011-02-24 11:00:00,104.974022660253
2011-02-24 12:00:00,125.10613045285965
2011-02-24 13:00:00,144.47366927003307
2011-02-24 14:00:00,163.0227157925214
2011-02-24 15:00:00,124.06201193818528
2011-02-24 16:00:00,112.18823776832188
2011-02-24 17:00:00,100.02883922835825
2011-02-24 18:00:00,105.06472121119701
2011-02-24 19:00:00,75.9102167361529
2011-02-24 20:00:00,108.4285987817145
2011-02-24 21:00:00,120.34205766333449
2011-02-24 22:00:00,95.51447596547412
2011-02-24 23:00:00,120.10755940861303
2011-02-25 00:00:00,32.75051077373776
2011-02-25 01:00:00,42.65287992544886
2011-02-25 02:00:00,44.62742891863281
2011-02-25 03:00:00,50.19276368735332
2011-02-25 05:00:00,54.9475234353338
2011-02-25 06:00:00,43.937534416452124
2011-02-25 07:00:00,41.696366204011795
2011-02-25 08:00:00,48.63849811792039
2011-02-25 09:00:00,49.003368165418955
2011-02-25 10:00:00,64.57980367617189
2011-02-25 11:00:00,122.00632664403803
2011-02-25 12:00:00,128.4309520237583
2011-02-25 13:00:00,134.37646396704116
2011-02-25 14:00:00,157.34024605307278
2011-02-25 15:00:00,216.8667620096212
2011-02-25 16:00:00,135.34291836342587
2011-02-25 17:00:00,147.30060205346237
2011-02-25 18:00:00,149.26827836609476
2011-02-25 19:00:00,144.80553606789917
2011-02-25 20:00:00,158.17346683031752
2011-02-25 21:00:00,158.2613564607584
2011-02-25 22:00:00,153.05616947780285
2011-02-25 23:00:00,160.3831310993861
2011-02-26 00:00:00,52.45070121562564
2011-02-26 01:00:00,54.59312792517814
2011-02-26 02:00:00,51.44055178274009
2011-02-26 03:00:00,57.25699134606173
2011-02-26 04:00:00,64.58276447902367
2011-02-26 05:00:00,62.88929273800999
2011-02-26 06:00:00,65.88195521820897
2011-02-26 07:00:00,68.33292123242404
2011-02-26 08:00:00,80.5557481925017
2011-02-26 09:00:00,86.23577218562043
2011-02-26 10:00:00,106.24456803775745
2011-02-26 11:00:00,110.47691307303609
2011-02-26 12:00:00,126.37333832833359
2011-02-26 13:00:00,139.77105195652538
2011-02-26 14:00:00,154.320632218747
2011-02-26 15:00:00,162.57794279314504
2011-02-26 16:00:00,147.03574021747121
2011-02-26 17:00:00,161.66427371788538
2011-02-26 18:00:00,157.41037807763945
2011-02-26 19:00:00,151.93669297791863
2011-02-26 20:00:00,143.87252692150287
2011-02-26 21:00:00,130.9143030841761
2011-02-26 22:00:00,121.71400181828736
2011-02-26 23:00:00,125.30495767815654
2011-02-27 00:00:00,37.55533244994915
2011-02-27 01:00:00,39.64646147969207
2011-02-27 02:00:00,42.158362429533895
2011-02-27 03:00:00,45.00654325595614
2011-02-27 04:00:00,43.36389715183386
2011-02-27 06:00:00,50.41266015267835
2011-02-27 07:00:00,49.6693899854631
2011-02-27 08:00:00,56.928952318166225
2011-02-27 09:00:00,60.909251440912584
2011-02-27 10:00:00,69.38332018180226
2011-02-27 11:00:00,97.64584761893298
2011-02-27 12:00:00,125.04167444116935
2011-02-27 13:00:00,142.61028560904313
2011-02-27 14:00:00,157.4261224187935
2011-02-27 15:00:00,177.613861015426
2011-02-27 16:00:00,193.1710477313392
2011-02-27 17:00:00,165.99962480425563
2011-02-27 18:00:00,168.37362038761879
2011-02-27 19:00:00,173.56685272402038
2011-02-27 20:00:00,179.59028326376372
2011-02-27 21:00:00,169.81406081967089
2011-02-27 22:00:00,189.50189195888433
2011-02-27 23:00:00,183.30690366477813
2011-02-28 00:00:00,62.8848128274962
2011-02-28 01:00:00,36.46220519619065
2011-02-28 03:00:00,36.718588334246924
2011-02-28 05:00:00,56.97725383274289
2011-02-28 06:00:00,57.379264994338946
2011-02-28 07:00:00,64.02028124122037
2011-02-28 08:00:00,62.06417613324178
2011-02-28 09:00:00,86.60983549192218
2011-02-28 10:00:00,134.91213469010557
2011-02-28 11:00:00,156.39837688026853
2011-02-28 12:00:00,163.63859742678986
2011-02-28 13:00:00,76.70269642015565
2011-02-28 14:00:00,71.88361318166228
2011-02-28 15:00:00,75.21135368317975
2011-02-28 16:00:00,75.53828023012962
2011-02-28 17:00:00,79.81855403532269
2011-02-28 18:00:00,95.4646028986475
2011-02-28 19:00:00,114.83644728939214
2011-02-28 20:00:00,120.15262269823712
2011-02-28 21:00:00,147.25346563199653
2011-02-28 22:00:00,89.57406614012231
2011-02-28 23:00:00,138.52995915565728
2011-03-20 00:00:00,66.99090710895106
2011-03-20 01:00:00,64.04599804519219
2011-03-20 02:00:00,66.50889898171626
2011-03-20 03:00:00,64.0459328843759
2011-03-20 04:00:00,64.4812616646189
2011-03-20 05:00:00,64.06505480403521
2011-03-20 06:00:00,67.53213876064005
2011-03-20 07:00:00,66.38983204158336
2011-03-20 08:00:00,78.53682647671351
2011-03-20 09:00:00,90.7368162620845
2011-03-20 10:00:00,117.93455329948883
2011-03-20 11:00:00,125.02633866938078
2011-03-20 12:00:00,133.4547617088305
2011-03-20 13:00:00,154.73409725214194
2011-03-20 14:00:00,174.60048524551834
2011-03-20 15:00:00,182.7176492127807
2011-03-20 16:00:00,192.85193692098053
2011-03-20 17:00:00,203.07655068846728
2011-03-20 18:00:00,198.50576188638794
2011-03-20 19:00:00,174.1028818064059
2011-03-20 20:00:00,176.21259205031168
2011-03-20 21:00:00,179.0599607376507
2011-03-20 22:00:00,183.62186567637588
2011-03-20 23:00:00,132.69338118212417
2011-03-21 00:00:00,54.12105228067652
2011-03-21 01:00:00,72.0628663541586
2011-03-21 02:00:00,74.28553761906716
2011-03-21 03:00:00,77.72447149106443
2011-03-21 05:00:00,69.84040378293649
2011-03-21 06:00:00,61.470583738922
2011-03-21 07:00:00,55.73726101787551
2011-03-21 08:00:00,78.43835348077774
2011-03-21 09:00:00,91.2859056861083
2011-03-21 10:00:00,123.52158970296045
2011-03-21 11:00:00,142.16732808766128
2011-03-21 12:00:00,142.01553370809356
2011-03-21 13:00:00,189.0682105731183
2011-03-21 14:00:00,208.26498901664286
2011-03-21 15:00:00,234.9559100169551
2011-03-21 16:00:00,231.41102715566856
2011-03-21 17:00:00,240.3265552858095
2011-03-21 18:00:00,221.4085282832404
2011-03-21 19:00:00,281.65917762930053
2011-03-21 20:00:00,258.42880065993154
2011-03-21 21:00:00,165.98482654174202
2011-03-21 22:00:00,186.98326764405414
2011-03-21 23:00:00,189.20047749397392
2011-03-22 00:00:00,68.57878700509802
2011-03-22 01:00:00,58.16074869320511
2011-03-22 02:00:00,66.35397845406551
2011-03-22 03:00:00,81.98692649273966
2011-03-22 04:00:00,88.6765178062318
2011-03-22 05:00:00,84.4699494333541
2011-03-22 06:00:00,84.10660711004851
2011-03-22 07:00:00,103.6732882730854
2011-03-22 08:00:00,138.94737121779107
2011-03-22 09:00:00,151.45152845630255
2011-03-22 10:00:00,169.21927318814332
2011-03-22 11:00:00,170.33915560754227
2011-03-22 12:00:00,188.6255497987257
2011-03-22 13:00:00,213.16039251668806
2011-03-22 14:00:00,236.6418738558574
2011-03-22 15:00:00,241.23263014700694
2011-03-22 16:00:00,245.0010928801425
2011-03-22 17:00:00,256.34303888990814
2011-03-22 18:00:00,253.37336991254548
2011-03-22 19:00:00,251.46821845786144
2011-03-22 20:00:00,270.0509207649406
2011-03-22 21:00:00,268.8128565821922
2011-03-22 22:00:00,258.9113853579292
2011-03-22 23:00:00,270.8972868064581
2011-03-23 00:00:00,53.975563751463476
2011-03-23 01:00:00,50.20543193931756
2011-03-23 02:00:00,52.52961462666286
2011-03-23 03:00:00,74.47526091861663
2011-03-23 05:00:00,52.87450820740537
2011-03-23 06:00:00,75.52486454001628
2011-03-23 07:00:00,71.13732931692083
2011-03-23 08:00:00,81.45846089382268
2011-03-23 09:00:00,89.60240187183678
2011-03-23 10:00:00,97.45067051565283
2011-03-23 11:00:00,96.2461317434591
2011-03-23 12:00:00,98.35264021979114
2011-03-23 13:00:00,77.17918535406625
2011-03-23 14:00:00,114.74149481356166
2011-03-23 15:00:00,139.12191064550763
2011-03-23 16:00:00,160.49812837015372
2011-03-23 17:00:00,167.92814056007154
2011-03-23 18:00:00,119.35804277228928
2011-03-23 19:00:00,124.88353843861627
2011-03-23 20:00:00,112.96248587036001
2011-03-23 21:00:00,93.83675484256088
2011-03-23 22:00:00,142.56577151763997
2011-03-23 23:00:00,113.5216533974121
2011-03-24 00:00:00,51.823054686792105
2011-03-24 01:00:00,48.64490835586434
2011-03-24 02:00:00,51.276204349397354
2011-03-24 03:00:00,51.23098781934967
2011-03-24 04:00:00,53.60264702724666
2011-03-24 05:00:00,61.055965297006786
2011-03-24 06:00:00,63.88245661519675
2011-03-24 07:00:00,44.58272919642532
2011-03-24 08:00:00,44.650977602886535
2011-03-24 09:00:00,70.93418220872077
2011-03-24 10:00:00,71.57406485300758
2011-03-24 11:00:00,93.1992690036812
2011-03-24 12:00:00,110.9645885430211
2011-03-24 13:00:00,120.39024673038286
2011-03-24 14:00:00,123.18228260844985
2011-03-24 15:00:00,128.71724282050772
2011-03-24 16:00:00,141.2871962607131
2011-03-24 17:00:00,139.86813010299696
2011-03-24 18:00:00,159.63835127952282
2011-03-24 19:00:00,166.75454704860437
2011-03-24 20:00:00,155.91863833555192
2011-03-24 21:00:00,153.76614823572223
2011-03-24 22:00:00,158.50883495483697
2011-03-24 23:00:00,156.98910478424318
2011-03-25 00:00:00,58.597137433613334
2011-03-25 01:00:00,53.39019107695776
2011-03-25 02:00:00,54.965374019291446
2011-03-25 03:00:00,59.41328948815646
2011-03-25 04:00:00,57.006408702718595
2011-03-25 05:00:00,58.68828173559071
2011-03-25 06:00:00,60.40735107790397
2011-03-25 07:00:00,77.15959820153861
2011-03-25 08:00:00,92.14944462041689
2011-03-25 09:00:00,100.0417413483852
2011-03-25 10:00:00,106.70118081098745
2011-03-25 11:00:00,131.82538754012117
2011-03-25 12:00:00,145.99092433329304
2011-03-25 13:00:00,160.51550947298279
2011-03-25 14:00:00,193.57732326043217
2011-03-25 15:00:00,199.59721409498383
2011-03-25 16:00:00,209.26442479313675
2011-03-25 17:00:00,210.72113576153197
2011-03-25 18:00:00,191.94767821180795
2011-03-25 19:00:00,226.4341138545815
2011-03-25 20:00:00,227.77290841903087
2011-03-25 21:00:00,240.09956292583527
2011-03-25 22:00:00,241.0311652370773
2011-03-25 23:00:00,241.7144128856303
2011-03-26 00:00:00,85.44173130633338
2011-03-26 01:00:00,80.353038845791815
2011-03-26 02:00:00,74.84479884375662
2011-03-26 03:00:00,72.89038548007282
2011-03-26 04:00:00,81.93484551073567
2011-03-26 05:00:00,76.33913325330896
2011-03-26 06:00:00,74.06189457795911
2011-03-26 07:00:00,83.57073819639368
2011-03-26 08:00:00,99.07452085562673
2011-03-26 09:00:00,110.54130250086268
2011-03-26 10:00:00,120.223608110315
2011-03-26 11:00:00,134.13816304227666
2011-03-26 12:00:00,149.1494755862351
2011-03-26 13:00:00,167.65639473132342
2011-03-26 14:00:00,189.1818829491894
2011-03-26 15:00:00,202.66736373524606
2011-03-26 16:00:00,226.61172624686623
2011-03-26 17:00:00,221.97380733645883
2011-03-26 18:00:00,264.2043957175081
2011-03-26 19:00:00,197.3607344637507
2011-03-26 20:00:00,206.49724389079492
2011-03-26 21:00:00,208.65459045238148
2011-03-26 22:00:00,234.54508466683194
2011-03-26 23:00:00,226.38916794245702
2011-03-27 00:00:00,82.77550781635547
2011-03-27 01:00:00,72.58306340570692
2011-03-27 02:00:00,54.618143622715785
2011-03-27 03:00:00,46.329612769049135
2011-03-27 04:00:00,45.187036880640925
2011-03-27 06:00:00,41.669577401522005
2011-03-27 07:00:00,42.58158618994202
2011-03-27 08:00:00,72.1785874650249
2011-03-27 09:00:00,91.7767952654039
2011-03-27 10:00:00,103.0277571874702
2011-03-27 11:00:00,122.14114531560911
2011-03-27 12:00:00,139.8885528708387
2011-03-27 13:00:00,152.085743725104
2011-03-27 14:00:00,172.49090953271372
2011-03-27 15:00:00,180.20439475419394
2011-03-27 16:00:00,191.16350634222817
2011-03-27 17:00:00,206.95415089934892
2011-03-27 18:00:00,202.28575406575047
2011-03-27 19:00:00,218.00658851642626
2011-03-27 20:00:00,206.08621079642222
2011-03-27 21:00:00,197.77816037062632
2011-03-27 22:00:00,206.93399388330297
2011-03-27 23:00:00,211.00259329388803
2011-03-28 00:00:00,61.931834635437674
2011-03-28 01:00:00,73.18971420086288
2011-03-28 02:00:00,76.01137432320391
2011-03-28 03:00:00,79.5302031315457
2011-03-28 05:00:00,80.76687293484825
2011-03-28 06:00:00,92.5474287431945
2011-03-28 07:00:00,103.26846627840176
2011-03-28 08:00:00,106.23632610040306
2011-03-28 09:00:00,126.90399546478676
2011-03-28 10:00:00,128.42120444132402
2011-03-28 11:00:00,153.43362192087753
2011-03-28 12:00:00,168.26069313784183
2011-03-28 13:00:00,194.20041568733245
2011-03-28 14:00:00,197.95117254035264
2011-03-28 15:00:00,205.61620347828585
2011-03-28 16:00:00,221.1227675458532
2011-03-28 17:00:00,228.44641408070518
2011-03-28 18:00:00,243.46715647987878
2011-03-28 19:00:00,242.73312598814093
2011-03-28 20:00:00,268.2995989814764
2011-03-28 21:00:00,285.9604768810336
2011-03-28 22:00:00,275.6129187338793
2011-03-28 23:00:00,269.99074253351847
2011-03-29 00:00:00,86.34983940396737
2011-03-29 01:00:00,83.15212105019921
2011-03-29 02:00:00,87.00151966496458
2011-03-29 03:00:00,91.02912022464996
2011-03-29 04:00:00,80.65099329604523
2011-03-29 05:00:00,93.23984269732571
2011-03-29 06:00:00,94.3785465823663
2011-03-29 07:00:00,97.16301829336844
2011-03-29 08:00:00,112.06916115082456
2011-03-29 09:00:00,140.1736252375652
2011-03-29 10:00:00,154.646411687525
2011-03-29 11:00:00,188.53501274867367
2011-03-29 12:00:00,183.41304051425908
2011-03-29 13:00:00,186.4469571453969
2011-03-29 14:00:00,205.3160809641756
2011-03-29 15:00:00,241.53294773690268
2011-03-29 16:00:00,257.3899863734366
2011-03-29 17:00:00,281.96827953616594
2011-03-29 18:00:00,262.76678855159736
2011-03-29 19:00:00,259.32521674505455
2011-03-29 20:00:00,287.6586824726731
2011-03-29 21:00:00,233.27958876616734
2011-03-29 22:00:00,225.87995104172285
2011-03-29 23:00:00,225.8212950861227
2011-03-30 00:00:00,80.16800272347817
2011-03-30 01:00:00,94.56764372065577
2011-03-30 02:00:00,87.76231641379265
2011-03-30 03:00:00,100.327884843199
2011-03-30 04:00:00,96.0760393255869
2011-03-30 05:00:00,94.17725271970617
2011-03-30 06:00:00,108.21261238887291
2011-03-30 07:00:00,125.0255841066395
2011-03-30 08:00:00,123.13926828555638
2011-03-30 09:00:00,132.48447893349947
2011-03-30 10:00:00,141.4447648057734
2011-03-30 11:00:00,149.09578226102113
2011-03-30 12:00:00,157.3691815020147
2011-03-30 13:00:00,172.42881336733606
2011-03-30 14:00:00,178.1397028227354
2011-03-30 15:00:00,80.50273433599106
2011-03-30 16:00:00,80.40024380968062
2011-03-30 17:00:00,75.84366445793768
2011-03-30 18:00:00,106.5950721181159
2011-03-30 19:00:00,111.52972583193505
2011-03-30 20:00:00,80.49144776880941
2011-03-30 21:00:00,115.57400959839347
2011-03-30 22:00:00,89.23996174701166
2011-03-30 23:00:00,91.85393642494915
2011-03-31 00:00:00,32.974804160161966
2011-03-31 01:00:00,34.24521809716956
2011-03-31 02:00:00,35.83054741217289
2011-03-31 03:00:00,37.76963130852024
2011-03-31 04:00:00,39.81266279728952
2011-03-31 05:00:00,41.34754791340052
2011-03-31 06:00:00,42.71699000822148
2011-03-31 07:00:00,45.60177485696031
2011-03-31 08:00:00,59.38982267479604
2011-03-31 09:00:00,51.49621659704701
2011-03-31 10:00:00,53.88015416028326
2011-03-31 11:00:00,59.11313727063613
2011-03-31 12:00:00,61.8496883754078
2011-03-31 13:00:00,72.51665267332223
2011-03-31 14:00:00,75.87369875732527
2011-03-31 15:00:00,77.70556826930998
2011-03-31 16:00:00,111.5738919096186
2011-03-31 17:00:00,116.73903237189953
2011-03-31 18:00:00,122.30229930413671
2011-03-31 19:00:00,127.96409476500972
2011-03-31 20:00:00,88.05936945972441
2011-03-31 21:00:00,124.08618792937699
2011-03-31 22:00:00,98.70368179771745
2011-03-31 23:00:00,90.60705021305033
2011-04-20 00:00:00,65.50017609730564
2011-04-20 01:00:00,62.61967910863881
2011-04-20 02:00:00,65.51856013504491
2011-04-20 03:00:00,65.80335432604306
2011-04-20 04:00:00,64.10309119962824
2011-04-20 05:00:00,73.29313111766938
2011-04-20 06:00:00,78.51965305662914
2011-04-20 07:00:00,81.36505788376563
2011-04-20 08:00:00,177.51739444117692
2011-04-20 09:00:00,200.1975465750398
2011-04-20 10:00:00,177.0805370214407
2011-04-20 11:00:00,185.2782061284106
2011-04-20 12:00:00,289.25999871161343
2011-04-20 13:00:00,302.6508421956336
2011-04-20 14:00:00,352.47532591663054
2011-04-20 15:00:00,424.1639595751638
2011-04-20 16:00:00,443.79997291794206
2011-04-20 17:00:00,446.79741398627567
2011-04-20 18:00:00,459.736290784664
2011-04-20 19:00:00,444.3770922328206
2011-04-20 20:00:00,434.19296370264016
2011-04-20 21:00:00,454.4525637981813
2011-04-20 22:00:00,446.54859205488
2011-04-20 23:00:00,481.2977345797992
2011-04-21 00:00:00,137.40365433542837
2011-04-21 01:00:00,127.77335759023912
2011-04-21 02:00:00,139.54371542384234
2011-04-21 03:00:00,136.94752462082783
2011-04-21 04:00:00,133.87087956226068
2011-04-21 05:00:00,139.33556214967908
2011-04-21 06:00:00,136.21805574121083
2011-04-21 07:00:00,161.18915140055051
2011-04-21 08:00:00,159.33280396131332
2011-04-21 09:00:00,168.75650282922456
2011-04-21 10:00:00,171.77606167529055
2011-04-21 11:00:00,188.16606291046762
2011-04-21 12:00:00,203.7897599550837
2011-04-21 13:00:00,242.2250792692455
2011-04-21 14:00:00,262.4293689860663
2011-04-21 15:00:00,301.6507012567204
2011-04-21 16:00:00,317.9157877027133
2011-04-21 17:00:00,300.4553308897993
2011-04-21 18:00:00,338.52051581687755
2011-04-21 19:00:00,321.9241315286341
2011-04-21 20:00:00,307.7146166981158
2011-04-21 21:00:00,262.3970031216444
2011-04-21 22:00:00,295.51649687866376
2011-04-21 23:00:00,284.65814529688873
2011-04-22 00:00:00,73.53788698287312
2011-04-22 01:00:00,83.62134047814709
2011-04-22 02:00:00,88.47466236110587
2011-04-22 03:00:00,92.5704597795395
2011-04-22 04:00:00,93.54635670711282
2011-04-22 05:00:00,96.43165408021386
2011-04-22 06:00:00,102.40800166876035
2011-04-22 07:00:00,115.99374301465357
2011-04-22 08:00:00,120.46261163979396
2011-04-22 09:00:00,84.05988174101523
2011-04-22 10:00:00,125.16801925310791
2011-04-22 11:00:00,90.28417500849477
2011-04-22 12:00:00,83.31616708634556
2011-04-22 13:00:00,78.33592188998185
2011-04-22 14:00:00,80.64708439837634
2011-04-22 15:00:00,85.75668259053822
2011-04-22 16:00:00,88.40171912337777
2011-04-22 17:00:00,83.15785651960235
2011-04-22 18:00:00,87.00752064903764
2011-04-22 19:00:00,91.03539901498326
2011-04-22 20:00:00,101.79087811744171
2011-04-22 21:00:00,98.18757750550424
2011-04-22 22:00:00,94.36733572272603
2011-04-22 23:00:00,112.71072189188618
2011-04-23 00:00:00,49.159638265293054
2011-04-23 01:00:00,51.43540755476851
2011-04-23 02:00:00,40.66419207491209
2011-04-23 03:00:00,42.07539434408886
2011-04-23 04:00:00,45.81920810832205
2011-04-23 05:00:00,47.9403373590762
2011-04-23 06:00:00,66.03760426021209
2011-04-23 07:00:00,51.37069928325439
2011-04-23 08:00:00,73.92376280854364
2011-04-23 09:00:00,94.67946381288002
2011-04-23 10:00:00,110.59704832561916
2011-04-23 11:00:00,123.1571086191978
2011-04-23 12:00:00,144.9894769545509
2011-04-23 13:00:00,150.57921083654105
2011-04-23 14:00:00,181.49246212727542
2011-04-23 15:00:00,221.9905276943156
2011-04-23 16:00:00,226.29705381745237
2011-04-23 17:00:00,239.43117050418928
2011-04-23 18:00:00,208.7866858298977
2011-04-23 19:00:00,204.85164148665075
2011-04-23 20:00:00,211.2419735644745
2011-04-23 21:00:00,242.76922196294814
2011-04-23 22:00:00,274.93166424452477
2011-04-23 23:00:00,236.62193143976538
2011-04-24 00:00:00,80.26008376818876
2011-04-24 01:00:00,76.43704640810364
2011-04-24 02:00:00,79.97558104611355
2011-04-24 03:00:00,76.29000238128546
2011-04-24 04:00:00,79.82172984389207
2011-04-24 05:00:00,83.51695315760367
2011-04-24 06:00:00,86.56327830571975
2011-04-24 07:00:00,90.57059116065506
2011-04-24 08:00:00,102.05753262469517
2011-04-24 09:00:00,122.35762528542654
2011-04-24 10:00:00,153.57206132802554
2011-04-24 11:00:00,202.1978559753019
2011-04-24 12:00:00,224.86790212822274
2011-04-24 13:00:00,264.21404281850783
2011-04-24 14:00:00,292.20505258670477
2011-04-24 15:00:00,260.94089443846826
2011-04-24 16:00:00,357.9945667168027
2011-04-24 17:00:00,276.35505079521283
2011-04-24 18:00:00,259.3404681005191
2011-04-24 19:00:00,175.47680373858353
2011-04-24 20:00:00,183.6002304979201
2011-04-24 21:00:00,150.3742896285895
2011-04-24 22:00:00,147.22516225266264
2011-04-24 23:00:00,151.2036563529039
2011-04-25 00:00:00,50.56628450827024
2011-04-25 01:00:00,69.35362514644501
2011-04-25 02:00:00,72.5642437716333
2011-04-25 03:00:00,77.49685451948206
2011-04-25 04:00:00,81.50878320047
2011-04-25 05:00:00,77.66397191351479
2011-04-25 06:00:00,86.4839556711336
2011-04-25 07:00:00,95.46880671755736
2011-04-25 08:00:00,112.57264549395369
2011-04-25 09:00:00,133.47850642339702
2011-04-25 10:00:00,175.1760858434835
2011-04-25 11:00:00,183.2855913337747
2011-04-25 12:00:00,197.09965276623998
2011-04-25 13:00:00,240.68244505326737
2011-04-25 14:00:00,293.46505802865323
2011-04-25 15:00:00,317.41864427009074
2011-04-25 16:00:00,321.97455973353755
2011-04-25 17:00:00,331.9053831680958
2011-04-25 18:00:00,330.53654382258264
2011-04-25 19:00:00,332.71481334259283
2011-04-25 20:00:00,329.34215745706757
2011-04-25 21:00:00,303.4718433571703
2011-04-25 22:00:00,297.72429632800964
2011-04-25 23:00:00,267.466102116901
2011-04-26 00:00:00,118.20355937260311
2011-04-26 01:00:00,114.67748165209616
2011-04-26 02:00:00,95.89146724859438
2011-04-26 03:00:00,91.00412551576485
2011-04-26 04:00:00,103.03930015616787
2011-04-26 05:00:00,98.88542834578362
2011-04-26 06:00:00,105.93693307496386
2011-04-26 07:00:00,123.13671991934528
2011-04-26 08:00:00,128.83714358981473
2011-04-26 09:00:00,173.12322557512113
2011-04-26 10:00:00,195.3104321668896
2011-04-26 11:00:00,222.034600327476
2011-04-26 12:00:00,252.35722102163683
2011-04-26 13:00:00,306.58860290720025
2011-04-26 14:00:00,288.1611396846945
2011-04-26 15:00:00,284.7839360701251
2011-04-26 16:00:00,310.33254095009863
2011-04-26 17:00:00,302.2288640802474
2011-04-26 18:00:00,309.354169344307
2011-04-26 19:00:00,276.2810972505332
2011-04-26 20:00:00,284.80257421868777
2011-04-26 21:00:00,268.2320933991676
2011-04-26 22:00:00,264.1282539418454
2011-04-26 23:00:00,278.4223934618841
2011-04-27 00:00:00,90.82937812161231
2011-04-27 01:00:00,95.74251264739019
2011-04-27 02:00:00,91.88279966662844
2011-04-27 03:00:00,104.85054357027023
2011-04-27 04:00:00,90.55143311939149
2011-04-27 05:00:00,103.32870171195627
2011-04-27 06:00:00,99.86822132074504
2011-04-27 07:00:00,125.65642906326572
2011-04-27 08:00:00,132.9494369655559
2011-04-27 09:00:00,142.24131254574613
2011-04-27 10:00:00,161.89939290464335
2011-04-27 11:00:00,184.68126263010768
2011-04-27 12:00:00,186.23158410252435
2011-04-27 13:00:00,187.45419805209468
2011-04-27 14:00:00,224.2872294197353
2011-04-27 15:00:00,281.7211652448572
2011-04-27 16:00:00,271.7297626482935
2011-04-27 17:00:00,180.49364735792074
2011-04-27 18:00:00,188.84932111991782
2011-04-27 19:00:00,245.02123545555438
2011-04-27 20:00:00,237.78333074641742
2011-04-27 21:00:00,225.61772099803179
2011-04-27 22:00:00,258.417643165192
2011-04-27 23:00:00,272.3959470021408
2011-04-28 00:00:00,105.64777391799693
2011-04-28 01:00:00,110.57901298896796
2011-04-28 02:00:00,117.43214253365826
2011-04-28 03:00:00,131.97869533660364
2011-04-28 04:00:00,127.60221198974418
2011-04-28 05:00:00,132.52162009271694
2011-04-28 06:00:00,154.00598777868893
2011-04-28 07:00:00,160.53828782367933
2011-04-28 08:00:00,173.30377054065704
2011-04-28 09:00:00,106.68349470365072
2011-04-28 10:00:00,148.4676372881586
2011-04-28 11:00:00,169.39427446517834
2011-04-28 12:00:00,191.79644211107967
2011-04-28 13:00:00,186.13079289104138
2011-04-28 14:00:00,179.8972687266176
2011-04-28 15:00:00,243.09050841660942
2011-04-28 16:00:00,212.32806870112142
2011-04-28 17:00:00,342.03077681148784
2011-04-28 18:00:00,357.8645617088144
2011-04-28 19:00:00,385.6039445022107
2011-04-28 20:00:00,338.9302049943196
2011-04-28 21:00:00,325.1388102485442
2011-04-28 22:00:00,335.95341518931133
2011-04-28 23:00:00,368.72651265161153
2011-04-29 00:00:00,132.46240104452315
2011-04-29 01:00:00,119.76513417881125
2011-04-29 02:00:00,96.82751716805849
2011-04-29 03:00:00,105.50422510757681
2011-04-29 04:00:00,121.960975887815
2011-04-29 05:00:00,133.38421389323042
2011-04-29 06:00:00,157.61325277599977
2011-04-29 07:00:00,172.0077757252845
2011-04-29 08:00:00,197.0194227552971
2011-04-29 09:00:00,207.6817546906067
2011-04-29 10:00:00,219.22123669064177
2011-04-29 11:00:00,278.53367084973536
2011-04-29 12:00:00,248.09165946165578
2011-04-29 13:00:00,260.5422489322354
2011-04-29 14:00:00,338.50867345056366
2011-04-29 15:00:00,298.68252128784496
2011-04-29 16:00:00,300.76168073053645
2011-04-29 17:00:00,297.2442075898311
2011-04-29 18:00:00,275.84265249949436
2011-04-29 19:00:00,241.43435699970493
2011-04-29 20:00:00,274.3923310423924
2011-04-29 21:00:00,267.1722055694315
2011-04-29 22:00:00,241.27082277563397
2011-04-29 23:00:00,289.29313998296453
2011-04-30 00:00:00,106.52820889227777
2011-04-30 01:00:00,109.00147883219294
2011-04-30 02:00:00,115.75684076578482
2011-04-30 03:00:00,116.51678666304213
2011-04-30 04:00:00,122.8224627129617
2011-04-30 05:00:00,123.66703905713348
2011-04-30 06:00:00,116.91811906020952
2011-04-30 07:00:00,131.24247545058736
2011-04-30 08:00:00,134.28619128418836
2011-04-30 09:00:00,156.9027659977959
2011-04-30 10:00:00,190.21068338758184
2011-04-30 11:00:00,208.33114388815028
2011-04-30 12:00:00,226.5788554444367
2011-04-30 13:00:00,247.2718776178499
2011-04-30 14:00:00,253.95395350220093
2011-04-30 15:00:00,274.03971185095793
2011-04-30 16:00:00,300.2642695284174
2011-04-30 17:00:00,280.7213617402596
2011-04-30 18:00:00,284.73601703669726
2011-04-30 19:00:00,297.91742979817354
2011-04-30 20:00:00,216.1254887277801
2011-04-30 21:00:00,226.13068338086637
2011-04-30 22:00:00,222.20328942886573
2011-04-30 23:00:00,232.4898464489495
2011-05-20 00:00:00,62.52396578853446
2011-05-20 01:00:00,59.862990115448554
2011-05-20 02:00:00,62.09003625875591
2011-05-20 03:00:00,63.530000156273125
2011-05-20 04:00:00,72.639689833438
2011-05-20 05:00:00,76.28514474050318
2011-05-20 06:00:00,87.98833475432404
2011-05-20 07:00:00,112.3270656519449
2011-05-20 08:00:00,132.67449357374173
2011-05-20 09:00:00,146.7815714998265
2011-05-20 10:00:00,164.3636752197933
2011-05-20 11:00:00,200.7762918506601
2011-05-20 12:00:00,260.41631282306145
2011-05-20 13:00:00,204.0930186022517
2011-05-20 14:00:00,270.22503917202135
2011-05-20 15:00:00,293.8785832336529
2011-05-20 16:00:00,315.51426408135444
2011-05-20 17:00:00,292.7221061801351
2011-05-20 18:00:00,308.64292085081496
2011-05-20 19:00:00,248.29333096887967
2011-05-20 20:00:00,260.7540414130943
2011-05-20 21:00:00,264.4287530756045
2011-05-20 22:00:00,236.53694828596645
2011-05-20 23:00:00,252.67015473909888
2011-05-21 00:00:00,83.25745388126293
2011-05-21 01:00:00,89.70261975628925
2011-05-21 02:00:00,96.33135832738454
2011-05-21 03:00:00,84.7780962510622
2011-05-21 04:00:00,81.04779578866336
2011-05-21 05:00:00,84.17240606863922
2011-05-21 06:00:00,100.91499820001731
2011-05-21 07:00:00,124.17339654256509
2011-05-21 08:00:00,147.01562954286206
2011-05-21 09:00:00,185.13436565859286
2011-05-21 10:00:00,194.37550693801043
2011-05-21 11:00:00,230.92271456731973
2011-05-21 12:00:00,241.55090232477704
2011-05-21 13:00:00,275.59770326444215
2011-05-21 14:00:00,307.49509381419836
2011-05-21 15:00:00,331.5314489204585
2011-05-21 16:00:00,401.301198655629
2011-05-21 17:00:00,397.2059038252889
2011-05-21 18:00:00,389.72665661098733
2011-05-21 19:00:00,368.4269884716155
2011-05-21 20:00:00,297.7608235194722
2011-05-21 21:00:00,319.76440224646063
2011-05-21 22:00:00,299.00100248379226
2011-05-21 23:00:00,255.07747326356508
2011-05-22 00:00:00,77.19286733863578
2011-05-22 01:00:00,72.70661952147123
2011-05-22 02:00:00,75.50965504598403
2011-05-22 03:00:00,71.65311264809785
2011-05-22 04:00:00,73.04315394683293
2011-05-22 05:00:00,78.44081092984288
2011-05-22 06:00:00,90.49331829661303
2011-05-22 07:00:00,104.39770521567334
2011-05-22 08:00:00,150.1260482124524
2011-05-22 09:00:00,170.03094174312568
2011-05-22 10:00:00,187.3425711416533
2011-05-22 11:00:00,246.70750134636546
2011-05-22 12:00:00,298.0447190284584
2011-05-22 13:00:00,276.76418382298544
2011-05-22 14:00:00,175.4684590442626
2011-05-22 15:00:00,276.2508158691782
2011-05-22 16:00:00,273.4324125888005
2011-05-22 17:00:00,314.29258026742707
2011-05-22 18:00:00,296.67277504064384
2011-05-22 19:00:00,308.1026299781208
2011-05-22 20:00:00,296.76135135945066
2011-05-22 21:00:00,277.49161861528836
2011-05-22 22:00:00,240.60523783308145
2011-05-22 23:00:00,264.19170989284515
2011-05-23 00:00:00,85.48244888553758
2011-05-23 01:00:00,82.00839727451464
2011-05-23 02:00:00,70.09554643303387
2011-05-23 03:00:00,66.52920219367952
2011-05-23 04:00:00,89.8721935495638
2011-05-23 05:00:00,94.03268750914393
2011-05-23 06:00:00,92.06346184431511
2011-05-23 07:00:00,108.98870088180564
2011-05-23 08:00:00,118.76664602203329
2011-05-23 09:00:00,125.19408035830757
2011-05-23 10:00:00,182.06527751354312
2011-05-23 11:00:00,212.4176604170662
2011-05-23 12:00:00,222.25120690312096
2011-05-23 13:00:00,314.48604268179247
2011-05-23 14:00:00,323.09772273747745
2011-05-23 15:00:00,331.8288551338982
2011-05-23 16:00:00,334.5109379330917
2011-05-23 17:00:00,243.54038216785685
2011-05-23 18:00:00,286.0757298742546
2011-05-23 19:00:00,294.8993076272446
2011-05-23 20:00:00,231.6713639757314
2011-05-23 21:00:00,226.8197192144079
2011-05-23 22:00:00,210.976619493026
2011-05-23 23:00:00,261.47539171239123
2011-05-24 00:00:00,78.70568568267605
2011-05-24 01:00:00,81.7400013254839
2011-05-24 02:00:00,86.16147410174409
2011-05-24 03:00:00,93.83034790040074
2011-05-24 04:00:00,96.91583077241243
2011-05-24 05:00:00,106.60973177708354
2011-05-24 06:00:00,109.89794940384266
2011-05-24 07:00:00,112.04252955094891
2011-05-24 08:00:00,108.3298394128197
2011-05-24 09:00:00,179.9006284546067
2011-05-24 10:00:00,225.43584986596065
2011-05-24 11:00:00,264.8612382124958
2011-05-24 12:00:00,318.2536168568195
2011-05-24 13:00:00,328.5870005354242
2011-05-24 14:00:00,346.36952989390215
2011-05-24 15:00:00,264.60715153813936
2011-05-24 16:00:00,245.96689734982812
2011-05-24 17:00:00,292.6624075549935
2011-05-24 18:00:00,283.42529588225557
2011-05-24 19:00:00,266.56285945868257
2011-05-24 20:00:00,271.7408420711647
2011-05-24 21:00:00,255.57357422427256
2011-05-24 22:00:00,187.1904861313813
2011-05-24 23:00:00,255.2151894865466
2011-05-25 00:00:00,73.10450934191117
2011-05-25 01:00:00,73.59957644979504
2011-05-25 02:00:00,84.68468787781026
2011-05-25 03:00:00,76.77390665993367
2011-05-25 04:00:00,79.73374703127527
2011-05-25 05:00:00,97.91739819111865
2011-05-25 06:00:00,95.8668191992924
2011-05-25 07:00:00,144.95788897233007
2011-05-25 08:00:00,167.2622137541547
2011-05-25 09:00:00,188.2824325272137
2011-05-25 10:00:00,212.41241979035763
2011-05-25 11:00:00,256.1441143931324
2011-05-25 12:00:00,267.44339398836814
2011-05-25 13:00:00,279.8242715576302
2011-05-25 14:00:00,294.9678509325903
2011-05-25 15:00:00,336.59862513145197
2011-05-25 16:00:00,337.0906510124545
2011-05-25 17:00:00,347.4877076600834
2011-05-25 18:00:00,336.4653839155078
2011-05-25 19:00:00,322.7742851007964
2011-05-25 20:00:00,340.2422408982378
2011-05-25 21:00:00,303.86692329244704
2011-05-25 22:00:00,327.53557134270415
2011-05-25 23:00:00,308.5132659292452
2011-05-26 00:00:00,108.95400171722027
2011-05-26 01:00:00,113.99785842209289
2011-05-26 02:00:00,99.58357089730522
2011-05-26 03:00:00,92.28449275682114
2011-05-26 04:00:00,94.42471276437142
2011-05-26 05:00:00,109.36614587625253
2011-05-26 06:00:00,91.24477139326568
2011-05-26 07:00:00,116.70887006231783
2011-05-26 08:00:00,152.78443427757003
2011-05-26 09:00:00,199.24824965335893
2011-05-26 10:00:00,199.18331677176047
2011-05-26 11:00:00,238.76365099838057
2011-05-26 12:00:00,304.18117671735996
2011-05-26 13:00:00,361.9533200045635
2011-05-26 14:00:00,378.7093881726167
2011-05-26 15:00:00,444.39097827679
2011-05-26 16:00:00,444.11310706619673
2011-05-26 17:00:00,422.2431781637054
2011-05-26 18:00:00,446.74986562882185
2011-05-26 19:00:00,439.1930877359397
2011-05-26 20:00:00,362.89972163120575
2011-05-26 21:00:00,367.8098993215905
2011-05-26 22:00:00,353.6954006778262
2011-05-26 23:00:00,375.61565782868394
2011-05-27 00:00:00,124.86973787819196
2011-05-27 01:00:00,153.9317301769304
2011-05-27 02:00:00,148.2515738069124
2011-05-27 03:00:00,139.0954364267553
2011-05-27 04:00:00,136.48573071335412
2011-05-27 05:00:00,154.92736144395664
2011-05-27 06:00:00,147.7599729741265
2011-05-27 07:00:00,150.67927748673492
2011-05-27 08:00:00,165.69432231324458
2011-05-27 09:00:00,203.8408191851428
2011-05-27 10:00:00,255.10101718524953
2011-05-27 11:00:00,290.423093498589
2011-05-27 12:00:00,311.18935799277574
2011-05-27 13:00:00,274.74109414334924
2011-05-27 14:00:00,311.19764651415636
2011-05-27 15:00:00,361.6239811531311
2011-05-27 16:00:00,381.36016594966355
2011-05-27 17:00:00,345.57575480076883
2011-05-27 18:00:00,366.19915404429577
2011-05-27 19:00:00,189.75760610085945
2011-05-27 20:00:00,288.9889074026385
2011-05-27 21:00:00,228.04914443844373
2011-05-27 22:00:00,262.13218667802437
2011-05-27 23:00:00,230.6940142706725
2011-05-28 00:00:00,81.54621706658698
2011-05-28 01:00:00,86.60004034038045
2011-05-28 02:00:00,82.17707314462336
2011-05-28 03:00:00,92.57314648662724
2011-05-28 04:00:00,97.58060477346432
2011-05-28 05:00:00,101.34259925874915
2011-05-28 06:00:00,116.48873848110931
2011-05-28 07:00:00,125.72568542543644
2011-05-28 08:00:00,145.78630751615836
2011-05-28 09:00:00,168.82798406062756
2011-05-28 10:00:00,210.32071248380657
2011-05-28 11:00:00,220.0571840141343
2011-05-28 12:00:00,258.60830765522064
2011-05-28 13:00:00,265.049831759871
2011-05-28 14:00:00,289.8752096272414
2011-05-28 15:00:00,313.5357805984646
2011-05-28 16:00:00,343.539961768833
2011-05-28 17:00:00,349.6772503224224
2011-05-28 18:00:00,334.8266674895778
2011-05-28 19:00:00,313.7096011528611
2011-05-28 20:00:00,330.68699278261846
2011-05-28 21:00:00,299.7877294004485
2011-05-28 22:00:00,285.54693664412787
2011-05-28 23:00:00,263.6302435683234
2011-05-29 00:00:00,93.79946662320171
2011-05-29 01:00:00,88.67060753828835
2011-05-29 02:00:00,91.4055197252217
2011-05-29 03:00:00,95.63699664449082
2011-05-29 04:00:00,96.64522163775493
2011-05-29 05:00:00,90.57318780567465
2011-05-29 06:00:00,121.2605003870377
2011-05-29 07:00:00,128.77561465098256
2011-05-29 08:00:00,133.74026057914452
2011-05-29 09:00:00,127.88188468347798
2011-05-29 10:00:00,169.92021260370794
2011-05-29 11:00:00,180.45101042653445
2011-05-29 12:00:00,232.77938666041604
2011-05-29 13:00:00,246.2227794799574
2011-05-29 14:00:00,265.801614402065
2011-05-29 15:00:00,279.14098578084776
2011-05-29 16:00:00,290.98099733023776
2011-05-29 17:00:00,304.4515117789299
2011-05-29 18:00:00,304.74852044027864
2011-05-29 19:00:00,316.48950806735667
2011-05-29 20:00:00,290.0361085665368
2011-05-29 21:00:00,270.7622572967323
2011-05-29 22:00:00,239.6196693460668
2011-05-29 23:00:00,252.58744895412175
2011-05-30 00:00:00,76.3830707067371
2011-05-30 01:00:00,78.7389922093732
2011-05-30 02:00:00,83.61883784412319
2011-05-30 03:00:00,87.4898423897697
2011-05-30 04:00:00,88.08452256157615
2011-05-30 05:00:00,98.2968288794383
2011-05-30 06:00:00,105.69807811137733
2011-05-30 07:00:00,108.14937989324515
2011-05-30 08:00:00,130.64313005441377
2011-05-30 09:00:00,184.73801332933604
2011-05-30 10:00:00,281.47273030558557
2011-05-30 11:00:00,294.81078130381877
2011-05-30 12:00:00,356.12782321393394
2011-05-30 13:00:00,372.034220711061
2011-05-30 14:00:00,415.01513992851585
2011-05-30 15:00:00,462.565254852323
2011-05-30 16:00:00,483.27103367573653
2011-05-30 17:00:00,476.59937384964957
2011-05-30 18:00:00,491.29936826734166
2011-05-30 19:00:00,280.669808192231
2011-05-30 20:00:00,365.97800652526
2011-05-30 21:00:00,336.0979371168329
2011-05-30 22:00:00,338.9417856126424
2011-05-30 23:00:00,293.88696258952854
2011-05-31 00:00:00,114.20511465364231
2011-05-31 01:00:00,100.50820802884611
2011-05-31 02:00:00,99.18906515631592
2011-05-31 03:00:00,94.30198600457967
2011-05-31 04:00:00,115.59649429561304
2011-05-31 05:00:00,120.94785490305502
2011-05-31 06:00:00,140.7810351240121
2011-05-31 07:00:00,193.38939139124125
2011-05-31 08:00:00,241.83140208235758
2011-05-31 09:00:00,272.88025652406253
2011-05-31 10:00:00,300.52496384611686
2011-05-31 11:00:00,346.5406459733035
2011-05-31 12:00:00,374.92267869060356
2011-05-31 13:00:00,459.5719635327426
2011-05-31 14:00:00,457.4732127302844
2011-05-31 15:00:00,498.6421598953247
2011-05-31 16:00:00,522.4903233699756
2011-05-31 17:00:00,449.8427810080925
2011-05-31 18:00:00,467.17378730244934
2011-05-31 19:00:00,381.9915612688038
2011-05-31 20:00:00,399.6752687705341
2011-05-31 21:00:00,387.83248550889283
2011-05-31 22:00:00,370.2252046768078
2011-05-31 23:00:00,344.1744702134259
2011-06-20 00:00:00,98.26613873529716
2011-06-20 01:00:00,88.73125984066584
2011-06-20 02:00:00,92.83893604186407
2011-06-20 03:00:00,76.4548293854965
2011-06-20 04:00:00,81.669496927939
2011-06-20 05:00:00,92.48919828823404
2011-06-20 06:00:00,102.27796225624154
2011-06-20 07:00:00,88.5488515959402
2011-06-20 08:00:00,97.92058174338453
2011-06-20 09:00:00,162.32800940949454
2011-06-20 10:00:00,169.84273310705714
2011-06-20 11:00:00,171.21979245988322
2011-06-20 12:00:00,210.63837474015156
2011-06-20 13:00:00,212.80110242056165
2011-06-20 14:00:00,240.07336474513596
2011-06-20 15:00:00,253.0593915289998
2011-06-20 16:00:00,293.4923121597789
2011-06-20 17:00:00,308.11330562351935
2011-06-20 18:00:00,317.80956086092584
2011-06-20 19:00:00,296.6900725378016
2011-06-20 20:00:00,296.97950950188505
2011-06-20 21:00:00,283.92433997178165
2011-06-20 22:00:00,326.4104579338103
2011-06-20 23:00:00,291.46201121693235
2011-06-21 00:00:00,92.0715291960363
2011-06-21 01:00:00,77.5348032218326
2011-06-21 02:00:00,74.40910620196996
2011-06-21 03:00:00,77.85376049006537
2011-06-21 04:00:00,95.96252914679117
2011-06-21 05:00:00,101.15332561465637
2011-06-21 06:00:00,105.83606210510507
2011-06-21 07:00:00,94.15549274065789
2011-06-21 08:00:00,118.63211575453728
2011-06-21 09:00:00,128.82563540336972
2011-06-21 10:00:00,144.81330137313608
2011-06-21 11:00:00,147.86053206404492
2011-06-21 12:00:00,193.5968267754826
2011-06-21 13:00:00,235.5451977847155
2011-06-21 14:00:00,269.7150178636622
2011-06-21 15:00:00,312.80131994366104
2011-06-21 16:00:00,345.74790053938085
2011-06-21 17:00:00,324.54426003292394
2011-06-21 18:00:00,332.8948680176826
2011-06-21 19:00:00,320.5750506859142
2011-06-21 20:00:00,252.69541429366868
2011-06-21 21:00:00,311.9372293988779
2011-06-21 22:00:00,283.7494245417031
2011-06-21 23:00:00,313.7805654133183
2011-06-22 00:00:00,95.70314451319096
2011-06-22 01:00:00,98.65496477836693
2011-06-22 02:00:00,99.82479543972053
2011-06-22 03:00:00,108.00054810564637
2011-06-22 04:00:00,97.15059316062798
2011-06-22 05:00:00,95.11607254367065
2011-06-22 06:00:00,113.19178569011333
2011-06-22 07:00:00,140.22431794453453
2011-06-22 08:00:00,169.38926348077476
2011-06-22 09:00:00,170.20119701520193
2011-06-22 10:00:00,201.17288297163066
2011-06-22 11:00:00,205.84352232015212
2011-06-22 12:00:00,312.3148889192454
2011-06-22 13:00:00,351.13132382471343
2011-06-22 14:00:00,374.984256039861
2011-06-22 15:00:00,387.2686868017989
2011-06-22 16:00:00,408.86337356599665
2011-06-22 17:00:00,413.4028963379591
2011-06-22 18:00:00,412.7990632246775
2011-06-22 19:00:00,438.51285759545226
2011-06-22 20:00:00,302.9978159664234
2011-06-22 21:00:00,302.19777002654206
2011-06-22 22:00:00,334.2953508800819
2011-06-22 23:00:00,352.3868057512157
2011-06-23 00:00:00,114.95869289345102
2011-06-23 01:00:00,127.12555704225431
2011-06-23 02:00:00,133.01063774734314
2011-06-23 03:00:00,148.4315691063169
2011-06-23 04:00:00,137.0389441981483
2011-06-23 05:00:00,150.10187861292934
2011-06-23 06:00:00,157.05061252745546
2011-06-23 07:00:00,176.5649560103526
2011-06-23 08:00:00,195.99672832447982
2011-06-23 09:00:00,202.0419540850255
2011-06-23 10:00:00,235.17304591608396
2011-06-23 11:00:00,188.46610254672623
2011-06-23 12:00:00,267.2094974644552
2011-06-23 13:00:00,283.24324094586257
2011-06-23 14:00:00,293.61037017399167
2011-06-23 15:00:00,342.0805256305177
2011-06-23 16:00:00,305.9638528579511
2011-06-23 17:00:00,297.38860563112314
2011-06-23 18:00:00,291.73694820144885
2011-06-23 19:00:00,300.73513776127993
2011-06-23 20:00:00,282.21952584857723
2011-06-23 21:00:00,293.092543234587
2011-06-23 22:00:00,334.45772860685645
2011-06-23 23:00:00,328.1015990477517
2011-06-24 00:00:00,100.73517370901476
2011-06-24 01:00:00,97.96862558714628
2011-06-24 02:00:00,102.5039313239412
2011-06-24 03:00:00,102.94949246166088
2011-06-24 04:00:00,105.73151655397362
2011-06-24 05:00:00,97.26362986477427
2011-06-24 06:00:00,117.04394061287356
2011-06-24 07:00:00,135.56456046566794
2011-06-24 08:00:00,163.96266770858466
2011-06-24 09:00:00,197.64170404667496
2011-06-24 10:00:00,290.850904668896
2011-06-24 11:00:00,315.2345966032584
2011-06-24 12:00:00,315.5125020238284
2011-06-24 13:00:00,343.75328401635414
2011-06-24 14:00:00,327.5080696500329
2011-06-24 15:00:00,413.5372016969043
2011-06-24 16:00:00,414.13137344365873
2011-06-24 17:00:00,373.87751148797764
2011-06-24 18:00:00,395.5770907780872
2011-06-24 19:00:00,380.9017594956716
2011-06-24 20:00:00,371.5080015892214
2011-06-24 21:00:00,373.21866633871457
2011-06-24 22:00:00,377.6442179594912
2011-06-24 23:00:00,383.14333953516604
2011-06-25 00:00:00,142.62465414541538
2011-06-25 01:00:00,139.91030589847844
2011-06-25 02:00:00,159.6523629344582
2011-06-25 03:00:00,142.80030338522525
2011-06-25 04:00:00,149.41102218706214
2011-06-25 05:00:00,142.84293865971804
2011-06-25 06:00:00,164.78794806977433
2011-06-25 07:00:00,175.0006740202088
2011-06-25 08:00:00,213.69160201597782
2011-06-25 09:00:00,231.13381558765593
2011-06-25 10:00:00,238.26279221940086
2011-06-25 11:00:00,253.34558858755875
2011-06-25 12:00:00,281.90147585252816
2011-06-25 13:00:00,294.95166792149473
2011-06-25 14:00:00,302.38147622878716
2011-06-25 15:00:00,293.70060887927764
2011-06-25 16:00:00,349.1111966263367
2011-06-25 17:00:00,351.45115526017867
2011-06-25 18:00:00,347.3322025339781
2011-06-25 19:00:00,365.416121335882
2011-06-25 20:00:00,362.38379474652453
2011-06-25 21:00:00,352.9297040970627
2011-06-25 22:00:00,388.8630946812938
2011-06-25 23:00:00,423.8459570696709
2011-06-26 00:00:00,124.16633239598765
2011-06-26 01:00:00,133.34182982316312
2011-06-26 02:00:00,133.4719118784177
2011-06-26 03:00:00,125.2864957623273
2011-06-26 04:00:00,130.60063317808178
2011-06-26 05:00:00,133.62946369745194
2011-06-26 06:00:00,139.81563268450975
2011-06-26 07:00:00,151.2278459064415
2011-06-26 08:00:00,171.30365461250236
2011-06-26 09:00:00,188.70111645225896
2011-06-26 10:00:00,232.55401194108646
2011-06-26 11:00:00,245.61165146627417
2011-06-26 12:00:00,273.6376250184548
2011-06-26 13:00:00,274.8270651692023
2011-06-26 14:00:00,297.3356824003038
2011-06-26 15:00:00,300.8614289125835
2011-06-26 16:00:00,333.4077364629201
2011-06-26 17:00:00,363.30844504886863
2011-06-26 18:00:00,376.00378332469285
2011-06-26 19:00:00,381.13386195903814
2011-06-26 20:00:00,383.64557296366087
2011-06-26 21:00:00,375.61129543219545
2011-06-26 22:00:00,365.64400966004973
2011-06-26 23:00:00,378.43039106486
2011-06-27 00:00:00,83.24883072686401
2011-06-27 01:00:00,103.51188856052435
2011-06-27 02:00:00,80.52197167134725
2011-06-27 03:00:00,84.24961159556206
2011-06-27 04:00:00,106.19071918712137
2011-06-27 05:00:00,114.63465993710291
2011-06-27 06:00:00,130.76561535240924
2011-06-27 07:00:00,151.43325597946026
2011-06-27 08:00:00,148.2077319900639
2011-06-27 09:00:00,219.16199205275424
2011-06-27 10:00:00,237.1115829625289
2011-06-27 11:00:00,222.46737938153325
2011-06-27 12:00:00,251.03007728166932
2011-06-27 13:00:00,265.69282001014034
2011-06-27 14:00:00,268.84335184650183
2011-06-27 15:00:00,293.33597893740114
2011-06-27 16:00:00,290.9917841242963
2011-06-27 17:00:00,306.7320854548253
2011-06-27 18:00:00,314.50109607799754
2011-06-27 19:00:00,315.4092506945959
2011-06-27 20:00:00,293.33050075143194
2011-06-27 21:00:00,299.02099339235366
2011-06-27 22:00:00,290.1606983175047
2011-06-27 23:00:00,303.5932382943078
2011-06-28 00:00:00,102.07340526520316
2011-06-28 01:00:00,102.87302750047505
2011-06-28 02:00:00,116.52046051660766
2011-06-28 03:00:00,121.91459470873103
2011-06-28 04:00:00,117.83167237057886
2011-06-28 05:00:00,114.3402005025942
2011-06-28 06:00:00,117.91925601104512
2011-06-28 07:00:00,132.28958425221037
2011-06-28 08:00:00,152.8433902225782
2011-06-28 09:00:00,180.49300352865686
2011-06-28 10:00:00,272.51498670830057
2011-06-28 11:00:00,291.9258030903717
2011-06-28 12:00:00,329.4849881221954
2011-06-28 13:00:00,326.73413971692617
2011-06-28 14:00:00,384.7167107068444
2011-06-28 15:00:00,393.537839494552
2011-06-28 16:00:00,426.55287082139876
2011-06-28 17:00:00,315.2027936104893
2011-06-28 18:00:00,314.48585709709147
2011-06-28 19:00:00,381.6194460270333
2011-06-28 20:00:00,314.43663587006057
2011-06-28 21:00:00,348.51690314165313
2011-06-28 22:00:00,318.87574385877474
2011-06-28 23:00:00,332.4011402800385
2011-06-29 00:00:00,111.51283781928737
2011-06-29 01:00:00,108.17918296142147
2011-06-29 02:00:00,99.86917715446278
2011-06-29 03:00:00,109.80208977812315
2011-06-29 04:00:00,106.12481548457384
2011-06-29 05:00:00,106.6826403558397
2011-06-29 06:00:00,146.86233983265564
2011-06-29 07:00:00,189.52467945079528
2011-06-29 08:00:00,215.0924171925189
2011-06-29 09:00:00,238.78672794543002
2011-06-29 10:00:00,259.6289074820668
2011-06-29 11:00:00,289.2000389105145
2011-06-29 12:00:00,304.8434213206099
2011-06-29 13:00:00,361.4988235774142
2011-06-29 14:00:00,365.77628888152066
2011-06-29 15:00:00,396.2216068695179
2011-06-29 16:00:00,441.6184638255945
2011-06-29 17:00:00,482.98179978730366
2011-06-29 18:00:00,459.9955657370955
2011-06-29 19:00:00,432.70929156741914
2011-06-29 20:00:00,419.7225162744283
2011-06-29 21:00:00,421.626113811387
2011-06-29 22:00:00,410.6162410608274
2011-06-29 23:00:00,406.4920767563511
2011-06-30 00:00:00,133.59741322429545
2011-06-30 01:00:00,134.21258270772157
2011-06-30 02:00:00,134.34351422878137
2011-06-30 03:00:00,132.79964581925432
2011-06-30 04:00:00,116.4822390521629
2011-06-30 05:00:00,125.55521445323386
2011-06-30 06:00:00,148.80349890389672
2011-06-30 07:00:00,159.75858442214414
2011-06-30 08:00:00,207.72333067359583
2011-06-30 09:00:00,229.70811043431405
2011-06-30 10:00:00,246.0824284259331
2011-06-30 11:00:00,268.10868782545225
2011-06-30 12:00:00,298.11998129995237
2011-06-30 13:00:00,321.2806600858935
2011-06-30 14:00:00,354.51912707343774
2011-06-30 15:00:00,390.04295463332403
2011-06-30 16:00:00,416.96474798277404
2011-06-30 17:00:00,442.1809688171365
2011-06-30 18:00:00,427.4082710074477
2011-06-30 19:00:00,408.53544880859107
2011-06-30 20:00:00,427.4479644589973
2011-06-30 21:00:00,418.4282348270047
2011-06-30 22:00:00,407.57839025504717
2011-06-30 23:00:00,363.12728909986873
2011-07-20 00:00:00,99.20196937488815
2011-07-20 01:00:00,101.12644731102726
2011-07-20 02:00:00,105.80793951205254
2011-07-20 03:00:00,113.62681003865703
2011-07-20 04:00:00,110.04500606717542
2011-07-20 05:00:00,118.17698234898022
2011-07-20 06:00:00,125.25310865283505
2011-07-20 07:00:00,147.4151118486676
2011-07-20 08:00:00,170.2406983617486
2011-07-20 09:00:00,184.56822510551476
2011-07-20 10:00:00,200.99086528184358
2011-07-20 11:00:00,263.21087911002286
2011-07-20 12:00:00,290.3871388251403
2011-07-20 13:00:00,340.113665490025
2011-07-20 14:00:00,382.31600031301366
2011-07-20 15:00:00,394.9582375819667
2011-07-20 16:00:00,371.18448074422696
2011-07-20 17:00:00,406.7261963880486
2011-07-20 18:00:00,428.7374765553937
2011-07-20 19:00:00,417.349590593688
2011-07-20 20:00:00,393.16813936804704
2011-07-20 21:00:00,420.7035680935788
2011-07-20 22:00:00,401.6039667263443
2011-07-20 23:00:00,376.33662675117387
2011-07-21 00:00:00,141.75298938191722
2011-07-21 01:00:00,131.11953021190607
2011-07-21 02:00:00,137.18950571694097
2011-07-21 03:00:00,143.79358161241692
2011-07-21 04:00:00,141.29620251145718
2011-07-21 05:00:00,147.83729129367674
2011-07-21 06:00:00,154.68118964682873
2011-07-21 07:00:00,168.22551313078316
2011-07-21 08:00:00,199.47163611871972
2011-07-21 09:00:00,252.6825881998904
2011-07-21 10:00:00,301.15001583179986
2011-07-21 11:00:00,373.2778030663884
2011-07-21 12:00:00,392.75965155476774
2011-07-21 13:00:00,407.8914271009056
2011-07-21 14:00:00,462.9178282294236
2011-07-21 15:00:00,485.83441694370794
2011-07-21 16:00:00,541.2714552060122
2011-07-21 17:00:00,569.661779155991
2011-07-21 18:00:00,544.5586727937526
2011-07-21 19:00:00,502.3807317180337
2011-07-21 20:00:00,465.5145238881432
2011-07-21 21:00:00,465.9686580941795
2011-07-21 22:00:00,471.75557307909725
2011-07-21 23:00:00,449.5950718343418
2011-07-22 00:00:00,177.62403211115267
2011-07-22 01:00:00,163.70886720329867
2011-07-22 02:00:00,153.0474694365789
2011-07-22 03:00:00,161.06388100444966
2011-07-22 04:00:00,153.4664147769921
2011-07-22 05:00:00,144.3359041982688
2011-07-22 06:00:00,167.38166147636082
2011-07-22 07:00:00,238.12966197393663
2011-07-22 08:00:00,287.07053388061655
2011-07-22 09:00:00,298.99966948556
2011-07-22 10:00:00,371.930459022548
2011-07-22 11:00:00,379.3916999553905
2011-07-22 12:00:00,466.5970632564651
2011-07-22 13:00:00,502.6149727604249
2011-07-22 14:00:00,579.9911377487704
2011-07-22 15:00:00,568.9530887002365
2011-07-22 16:00:00,400.7058609655944
2011-07-22 17:00:00,468.68644074727916
2011-07-22 18:00:00,522.4073922299186
2011-07-22 19:00:00,524.0307106294871
2011-07-22 20:00:00,444.84000545751206
2011-07-22 21:00:00,446.2266490158726
2011-07-22 22:00:00,547.3242635172626
2011-07-22 23:00:00,464.99057084232464
2011-07-23 00:00:00,169.22690417707886
2011-07-23 01:00:00,184.11370809660244
2011-07-23 02:00:00,187.68543929513993
2011-07-23 03:00:00,166.72048422559814
2011-07-23 04:00:00,164.51008069757881
2011-07-23 05:00:00,175.6811450659705
2011-07-23 06:00:00,218.53257911092396
2011-07-23 07:00:00,226.95759717039277
2011-07-23 08:00:00,279.77286369809394
2011-07-23 09:00:00,286.26836212976434
2011-07-23 10:00:00,332.1602820386234
2011-07-23 11:00:00,383.75839504843117
2011-07-23 12:00:00,431.09666017222986
2011-07-23 13:00:00,467.15102137310146
2011-07-23 14:00:00,463.0176191834504
2011-07-23 15:00:00,490.9016561687611
2011-07-23 16:00:00,531.1070030111969
2011-07-23 17:00:00,555.6937788608386
2011-07-23 18:00:00,581.5279425646686
2011-07-23 19:00:00,446.6129008023706
2011-07-23 20:00:00,441.40187147258996
2011-07-23 21:00:00,461.83588723961634
2011-07-23 22:00:00,450.65370660350044
2011-07-23 23:00:00,461.11655280586984
2011-07-24 00:00:00,162.84710978286313
2011-07-24 01:00:00,152.86020438744478
2011-07-24 02:00:00,175.31554422247177
2011-07-24 03:00:00,183.43150572235243
2011-07-24 04:00:00,175.08742533894943
2011-07-24 05:00:00,182.51391318474953
2011-07-24 06:00:00,227.4477348398081
2011-07-24 07:00:00,225.20580259871818
2011-07-24 08:00:00,260.848786445642
2011-07-24 09:00:00,280.12468292038676
2011-07-24 10:00:00,328.4366481083062
2011-07-24 11:00:00,316.2442485162713
2011-07-24 12:00:00,400.474949134466
2011-07-24 13:00:00,367.239789849265
2011-07-24 14:00:00,389.23990390414036
2011-07-24 15:00:00,470.06463786268915
2011-07-24 16:00:00,491.8255519919448
2011-07-24 17:00:00,496.78072096477877
2011-07-24 18:00:00,494.7319051533027
2011-07-24 19:00:00,474.689912415399
2011-07-24 20:00:00,470.93604096780854
2011-07-24 21:00:00,418.8654258072278
2011-07-24 22:00:00,385.2201793445982
2011-07-24 23:00:00,401.0640982045807
2011-07-25 00:00:00,138.3848081226059
2011-07-25 01:00:00,144.50654070477424
2011-07-25 02:00:00,135.90909936546265
2011-07-25 03:00:00,128.45715906334007
2011-07-25 04:00:00,130.03816689891366
2011-07-25 05:00:00,136.0580823647516
2011-07-25 06:00:00,154.1079406268488
2011-07-25 07:00:00,166.65544394533262
2011-07-25 08:00:00,193.98381167224073
2011-07-25 09:00:00,234.61960223826506
2011-07-25 10:00:00,265.2591441004658
2011-07-25 11:00:00,335.6048811447732
2011-07-25 12:00:00,351.14118915797854
2011-07-25 13:00:00,238.95279493310113
2011-07-25 14:00:00,232.75674870756148
2011-07-25 15:00:00,209.90087685450155
2011-07-25 16:00:00,210.8132679432305
2011-07-25 17:00:00,248.00383165689942
2011-07-25 18:00:00,273.71274776738073
2011-07-25 19:00:00,290.19638913626915
2011-07-25 20:00:00,293.7331312979722
2011-07-25 21:00:00,249.99705179689343
2011-07-25 22:00:00,261.5702779843704
2011-07-25 23:00:00,279.85847591534633
2011-07-26 00:00:00,104.84744190440688
2011-07-26 01:00:00,109.70119178512103
2011-07-26 02:00:00,96.54445195725428
2011-07-26 03:00:00,101.7667257412758
2011-07-26 04:00:00,108.46824486127252
2011-07-26 05:00:00,100.3314378999938
2011-07-26 06:00:00,127.38196383413982
2011-07-26 07:00:00,179.26638982971005
2011-07-26 08:00:00,207.17550893146523
2011-07-26 09:00:00,257.83409807258397
2011-07-26 10:00:00,307.49447527620515
2011-07-26 11:00:00,317.361549900473
2011-07-26 12:00:00,350.2665875472933
2011-07-26 13:00:00,377.681772019846
2011-07-26 14:00:00,415.2107855954993
2011-07-26 15:00:00,463.40563565699074
2011-07-26 16:00:00,438.8402603639082
2011-07-26 17:00:00,467.77092717151487
2011-07-26 18:00:00,462.3002446419714
2011-07-26 19:00:00,452.5338081056669
2011-07-26 20:00:00,439.0835482502298
2011-07-26 21:00:00,427.54053235646467
2011-07-26 22:00:00,396.828284562639
2011-07-26 23:00:00,411.23984733085626
2011-07-27 00:00:00,170.53656807945566
2011-07-27 01:00:00,171.66089065179276
2011-07-27 02:00:00,172.8720686115821
2011-07-27 03:00:00,153.79308788960705
2011-07-27 04:00:00,175.17327920266322
2011-07-27 05:00:00,175.71932473863876
2011-07-27 06:00:00,181.13912433231906
2011-07-27 07:00:00,210.52887804997272
2011-07-27 08:00:00,235.40204796882838
2011-07-27 09:00:00,266.14377131325733
2011-07-27 10:00:00,275.68671185690636
2011-07-27 11:00:00,304.2707720091974
2011-07-27 12:00:00,356.3683871701335
2011-07-27 13:00:00,391.92395733904385
2011-07-27 14:00:00,405.4490738091347
2011-07-27 15:00:00,450.7299052408431
2011-07-27 16:00:00,452.06937248433087
2011-07-27 17:00:00,460.1887242225734
2011-07-27 18:00:00,457.1438955935925
2011-07-27 19:00:00,456.87760761422055
2011-07-27 20:00:00,401.32053426540557
2011-07-27 21:00:00,382.2207509322828
2011-07-27 22:00:00,389.6356783428862
2011-07-27 23:00:00,430.9543962891136
2011-07-28 00:00:00,139.5780690639351
2011-07-28 01:00:00,145.7177802895845
2011-07-28 02:00:00,151.3744497315475
2011-07-28 03:00:00,154.31105260787396
2011-07-28 04:00:00,148.63844393364425
2011-07-28 05:00:00,148.78344865048646
2011-07-28 06:00:00,146.74323744623015
2011-07-28 07:00:00,166.47433907444363
2011-07-28 08:00:00,187.84806257641094
2011-07-28 09:00:00,234.90202861957667
2011-07-28 10:00:00,271.0458437329482
2011-07-28 11:00:00,317.69737913174555
2011-07-28 12:00:00,330.5810787906965
2011-07-28 13:00:00,369.6379503271883
2011-07-28 14:00:00,396.9864134797185
2011-07-28 15:00:00,397.90202515504467
2011-07-28 16:00:00,414.0486110027739
2011-07-28 17:00:00,408.399082938211
2011-07-28 18:00:00,429.66246076711894
2011-07-28 19:00:00,418.35668969846483
2011-07-28 20:00:00,405.9603570021796
2011-07-28 21:00:00,394.7741693900379
2011-07-28 22:00:00,368.53094681377394
2011-07-28 23:00:00,370.77950409960516
2011-07-29 00:00:00,116.83356038611198
2011-07-29 01:00:00,121.33478449357953
2011-07-29 02:00:00,122.773547879773
2011-07-29 03:00:00,128.45715906334007
2011-07-29 04:00:00,131.49471516246746
2011-07-29 05:00:00,133.05395295600985
2011-07-29 06:00:00,150.70527473217143
2011-07-29 07:00:00,170.41823722700695
2011-07-29 08:00:00,201.9356105403792
2011-07-29 09:00:00,308.4341987507292
2011-07-29 10:00:00,377.3355229106112
2011-07-29 11:00:00,431.1924468545747
2011-07-29 12:00:00,481.2867082595769
2011-07-29 13:00:00,440.86292464438975
2011-07-29 14:00:00,524.877096078089
2011-07-29 15:00:00,553.2687005992439
2011-07-29 16:00:00,598.5968881321932
2011-07-29 17:00:00,612.4792750659725
2011-07-29 18:00:00,597.4865549403364
2011-07-29 19:00:00,558.6611682795311
2011-07-29 20:00:00,535.5421644070401
2011-07-29 21:00:00,478.1645453397304
2011-07-29 22:00:00,476.0945846177499
2011-07-29 23:00:00,439.48114083113853
2011-07-30 00:00:00,148.96505035023463
2011-07-30 01:00:00,151.85869593217168
2011-07-30 02:00:00,159.4797916380567
2011-07-30 03:00:00,151.91179451036328
2011-07-30 04:00:00,152.05999255499447
2011-07-30 05:00:00,156.80502387021173
2011-07-30 06:00:00,164.674353227631
2011-07-30 07:00:00,192.6809494953108
2011-07-30 08:00:00,226.39519539447576
2011-07-30 09:00:00,287.5196048702985
2011-07-30 10:00:00,308.16452085922225
2011-07-30 11:00:00,332.0203002656912
2011-07-30 12:00:00,349.4110574315315
2011-07-30 13:00:00,386.10488849775385
2011-07-30 14:00:00,429.9532619633767
2011-07-30 15:00:00,469.3321703036694
2011-07-30 16:00:00,508.831357551168
2011-07-30 17:00:00,505.46468600263637
2011-07-30 18:00:00,513.7775647085675
2011-07-30 19:00:00,411.9681979902692
2011-07-30 20:00:00,454.91773486938314
2011-07-30 21:00:00,448.72174534651583
2011-07-30 22:00:00,420.42147006003574
2011-07-30 23:00:00,410.9763366634509
2011-07-31 00:00:00,145.13967934473152
2011-07-31 01:00:00,136.21070009559637
2011-07-31 02:00:00,140.67294320956185
2011-07-31 03:00:00,143.93536616475356
2011-07-31 04:00:00,139.64169437923061
2011-07-31 05:00:00,147.73252667200154
2011-07-31 06:00:00,157.72407951102448
2011-07-31 07:00:00,188.88599665469263
2011-07-31 08:00:00,215.5501045286025
2011-07-31 09:00:00,250.24488830920015
2011-07-31 10:00:00,314.98230580128626
2011-07-31 11:00:00,360.08061085213484
2011-07-31 12:00:00,417.6025912565334
2011-07-31 13:00:00,435.2747072399319
2011-07-31 14:00:00,458.83098076226963
2011-07-31 15:00:00,530.499915239636
2011-07-31 16:00:00,559.157105472122
2011-07-31 17:00:00,574.2134048067984
2011-07-31 18:00:00,484.21308791070385
2011-07-31 19:00:00,412.25956979487563
2011-07-31 20:00:00,431.3444878564864
2011-07-31 21:00:00,415.37088332940993
2011-07-31 22:00:00,350.4757339473961
2011-07-31 23:00:00,376.2428378833214
2011-08-20 00:00:00,72.13226893696236
2011-08-20 01:00:00,84.89519028795623
2011-08-20 02:00:00,96.84132010820733
2011-08-20 03:00:00,101.32443898441183
2011-08-20 04:00:00,93.58166870673303
2011-08-20 05:00:00,98.61006281698448
2011-08-20 06:00:00,115.4930712710608
2011-08-20 07:00:00,111.37920846258692
2011-08-20 08:00:00,149.38664164968142
2011-08-20 09:00:00,173.88324962025294
2011-08-20 10:00:00,205.44958736283604
2011-08-20 11:00:00,212.22336802228102
2011-08-20 12:00:00,236.84667720592032
2011-08-20 13:00:00,264.3134163230706
2011-08-20 14:00:00,329.3271544128393
2011-08-20 15:00:00,356.9764278364997
2011-08-20 16:00:00,361.3021277837124
2011-08-20 17:00:00,377.21422518968365
2011-08-20 18:00:00,340.7001427549052
2011-08-20 19:00:00,315.6985424197926
2011-08-20 20:00:00,332.7835719244931
2011-08-20 21:00:00,318.6803707971742
2011-08-20 22:00:00,332.27953251673307
2011-08-20 23:00:00,316.40924510396223
2011-08-21 00:00:00,113.41729255282307
2011-08-21 01:00:00,106.28417160085097
2011-08-21 02:00:00,110.37896143581703
2011-08-21 03:00:00,104.58830592813598
2011-08-21 04:00:00,116.465977605169
2011-08-21 05:00:00,105.78947587574942
2011-08-21 06:00:00,110.27662996624971
2011-08-21 07:00:00,135.90419179359847
2011-08-21 08:00:00,155.2764455021052
2011-08-21 09:00:00,182.75071036041922
2011-08-21 10:00:00,198.7120102626467
2011-08-21 11:00:00,276.50104573141203
2011-08-21 12:00:00,311.936994917912
2011-08-21 13:00:00,317.0968834083652
2011-08-21 14:00:00,170.81038316373258
2011-08-21 15:00:00,204.69317027903216
2011-08-21 16:00:00,233.84888746872514
2011-08-21 17:00:00,242.85833857421238
2011-08-21 18:00:00,261.774936930826
2011-08-21 19:00:00,293.2738046889092
2011-08-21 20:00:00,269.2604927662897
2011-08-21 21:00:00,281.72549010820813
2011-08-21 22:00:00,314.3880614529481
2011-08-21 23:00:00,318.77551782951394
2011-08-22 00:00:00,99.98990745302902
2011-08-22 01:00:00,102.69195410591604
2011-08-22 02:00:00,140.61811275253766
2011-08-22 03:00:00,110.20223600134551
2011-08-22 04:00:00,140.9614287391636
2011-08-22 05:00:00,148.91818720969368
2011-08-22 06:00:00,160.46137712540684
2011-08-22 07:00:00,169.14525428726913
2011-08-22 08:00:00,176.97557177435402
2011-08-22 09:00:00,202.63347611522357
2011-08-22 10:00:00,235.46811863293365
2011-08-22 11:00:00,290.8968567470256
2011-08-22 12:00:00,305.5243261986131
2011-08-22 13:00:00,344.19939450303775
2011-08-22 14:00:00,353.50076146629385
2011-08-22 15:00:00,361.69899044034287
2011-08-22 16:00:00,386.98788327472863
2011-08-22 17:00:00,412.3942796875373
2011-08-22 18:00:00,423.567700377217
2011-08-22 19:00:00,418.66077618270725
2011-08-22 20:00:00,397.20371634385447
2011-08-22 21:00:00,397.5912097196787
2011-08-22 22:00:00,426.97193677712363
2011-08-22 23:00:00,427.3483479227913
2011-08-23 00:00:00,145.43722700263163
2011-08-23 01:00:00,121.86320423043412
2011-08-23 02:00:00,119.54397564579023
2011-08-23 03:00:00,127.90212667469511
2011-08-23 04:00:00,120.47394625855532
2011-08-23 05:00:00,126.99061208915364
2011-08-23 06:00:00,127.11449819331541
2011-08-23 07:00:00,186.81213307066278
2011-08-23 08:00:00,199.39003486270138
2011-08-23 09:00:00,222.94719368672398
2011-08-23 10:00:00,240.23528384517945
2011-08-23 11:00:00,266.6993012361164
2011-08-23 12:00:00,263.04215450719875
2011-08-23 13:00:00,314.80780447672305
2011-08-23 14:00:00,328.16065565483285
2011-08-23 15:00:00,339.6596872579665
2011-08-23 16:00:00,355.31698338238374
2011-08-23 17:00:00,371.8356443151532
2011-08-23 18:00:00,386.16128465920946
2011-08-23 19:00:00,320.387414542769
2011-08-23 20:00:00,326.6866601210607
2011-08-23 21:00:00,306.97238669100614
2011-08-23 22:00:00,332.11373857456846
2011-08-23 23:00:00,322.27287192237077
2011-08-24 00:00:00,122.7184018684581
2011-08-24 01:00:00,119.51684895014141
2011-08-24 02:00:00,101.79411255138336
2011-08-24 03:00:00,106.50651328028376
2011-08-24 04:00:00,101.43580448660946
2011-08-24 05:00:00,106.13161789878502
2011-08-24 06:00:00,108.19052820328804
2011-08-24 07:00:00,149.45403782438092
2011-08-24 08:00:00,149.6101556290865
2011-08-24 09:00:00,161.26351388197196
2011-08-24 10:00:00,210.79340729807095
2011-08-24 11:00:00,238.74205697742659
2011-08-24 12:00:00,256.7422173086263
2011-08-24 13:00:00,296.81722415677626
2011-08-24 14:00:00,310.5579176842191
2011-08-24 15:00:00,327.36474595109763
2011-08-24 16:00:00,335.57953027421047
2011-08-24 17:00:00,345.9299786641801
2011-08-24 18:00:00,334.33553122719513
2011-08-24 19:00:00,349.8130766525953
2011-08-24 20:00:00,343.226219675185
2011-08-24 21:00:00,341.7404031285468
2011-08-24 22:00:00,342.0737890889876
2011-08-24 23:00:00,327.03628257598893
2011-08-25 00:00:00,109.27674119285605
2011-08-25 01:00:00,123.57065561968001
2011-08-25 02:00:00,129.29116767109105
2011-08-25 03:00:00,122.2216586026362
2011-08-25 04:00:00,120.37764683537672
2011-08-25 05:00:00,120.05680582460403
2011-08-25 06:00:00,122.84416977276234
2011-08-25 07:00:00,154.7917099723743
2011-08-25 08:00:00,180.82788196622042
2011-08-25 09:00:00,204.00250548313045
2011-08-25 10:00:00,230.19448900531845
2011-08-25 11:00:00,135.25557950955383
2011-08-25 12:00:00,141.51702700875907
2011-08-25 13:00:00,188.82236281765327
2011-08-25 14:00:00,234.39321429438604
2011-08-25 15:00:00,256.34719961016435
2011-08-25 16:00:00,218.88517953589587
2011-08-25 17:00:00,229.0181297992992
2011-08-25 18:00:00,268.2282764221077
2011-08-25 19:00:00,253.12488772334058
2011-08-25 20:00:00,238.88577283974888
2011-08-25 21:00:00,245.34122938897283
2011-08-25 22:00:00,219.38583323431624
2011-08-25 23:00:00,234.72462314714028
2011-08-26 00:00:00,83.82343484032762
2011-08-26 01:00:00,84.81739621304203
2011-08-26 02:00:00,84.15095396870126
2011-08-26 03:00:00,84.72293926890151
2011-08-26 04:00:00,89.09063072396425
2011-08-26 05:00:00,100.90965116802276
2011-08-26 06:00:00,97.53018483035083
2011-08-26 07:00:00,111.27714564303693
2011-08-26 08:00:00,127.18355951919622
2011-08-26 09:00:00,162.24371979225316
2011-08-26 10:00:00,201.85544954980512
2011-08-26 11:00:00,241.08000127931493
2011-08-26 12:00:00,255.54629249460814
2011-08-26 13:00:00,298.03153345205334
2011-08-26 14:00:00,298.6908716693222
2011-08-26 15:00:00,355.0728074234412
2011-08-26 16:00:00,305.0373690192258
2011-08-26 17:00:00,272.5213393715459
2011-08-26 18:00:00,299.6261051179764
2011-08-26 19:00:00,263.6555452793169
2011-08-26 20:00:00,274.83872818753616
2011-08-26 21:00:00,292.9575481527471
2011-08-26 22:00:00,301.99338529135184
2011-08-26 23:00:00,279.85847591534633
2011-08-27 00:00:00,99.29295690553342
2011-08-27 01:00:00,105.44663361285635
2011-08-27 02:00:00,111.15044340374475
2011-08-27 03:00:00,126.83749789126145
2011-08-27 04:00:00,132.70924334425104
2011-08-27 05:00:00,141.45813730010258
2011-08-27 06:00:00,148.00672260247364
2011-08-27 07:00:00,157.17943283077878
2011-08-27 08:00:00,160.22865002277402
2011-08-27 09:00:00,174.64795293177812
2011-08-27 10:00:00,195.30026534843114
2011-08-27 11:00:00,115.08079927164376
2011-08-27 12:00:00,135.25413883527634
2011-08-27 13:00:00,137.8814500089993
2011-08-27 14:00:00,132.13286470784323
2011-08-27 15:00:00,138.24975096338815
2011-08-27 16:00:00,143.57965030069656
2011-08-27 17:00:00,162.428684731338
2011-08-28 07:00:00,98.01365045448269
2011-08-28 08:00:00,104.08804219986376
2011-08-28 09:00:00,164.11682478961023
2011-08-28 10:00:00,221.49374344301862
2011-08-28 11:00:00,226.5779960310579
2011-08-28 12:00:00,264.3015312077352
2011-08-28 13:00:00,302.58612361828574
2011-08-28 14:00:00,338.9644707651173
2011-08-28 15:00:00,349.4193225786978
2011-08-28 16:00:00,410.5587813274439
2011-08-28 17:00:00,377.60680428884734
2011-08-28 18:00:00,367.72104198260524
2011-08-28 19:00:00,349.4663771730877
2011-08-28 20:00:00,366.3578938030364
2011-08-28 21:00:00,303.94951079333134
2011-08-28 22:00:00,280.08080585102493
2011-08-28 23:00:00,271.7258401063823
2011-08-29 00:00:00,95.87428379993035
2011-08-29 01:00:00,104.85416244121593
2011-08-29 02:00:00,112.1824509522927
2011-08-29 03:00:00,114.78699566971004
2011-08-29 04:00:00,108.00747075102281
2011-08-29 05:00:00,106.92266087029986
2011-08-29 06:00:00,111.87247979786143
2011-08-29 07:00:00,161.536888276098
2011-08-29 08:00:00,181.57635044115162
2011-08-29 09:00:00,198.58334675406962
2011-08-29 10:00:00,220.40244764360418
2011-08-29 11:00:00,227.20043129145665
2011-08-29 12:00:00,274.4784343315814
2011-08-29 13:00:00,291.35968604111116
2011-08-29 14:00:00,272.4038716475756
2011-08-29 15:00:00,296.9180514669374
2011-08-29 16:00:00,320.46209807585393
2011-08-29 17:00:00,337.92008330541125
2011-08-29 18:00:00,318.91095729280937
2011-08-29 19:00:00,333.67444596552
2011-08-29 20:00:00,319.4814589874505
2011-08-29 21:00:00,336.76282124004075
2011-08-29 22:00:00,332.11373857456846
2011-08-29 23:00:00,322.25064730386896
2011-08-30 00:00:00,85.27117036942522
2011-08-30 01:00:00,93.59837360846736
2011-08-30 02:00:00,89.82509831408193
2011-08-30 03:00:00,96.10300107593432
2011-08-30 04:00:00,92.5464084935958
2011-08-30 05:00:00,95.04730803112467
2011-08-30 06:00:00,107.64942851097159
2011-08-30 07:00:00,123.7127089221772
2011-08-30 08:00:00,176.2534982974969
2011-08-30 09:00:00,203.77006283333213
2011-08-30 10:00:00,248.45764426504599
2011-08-30 11:00:00,272.12701366526693
2011-08-30 12:00:00,271.28786653478664
2011-08-30 13:00:00,297.8570922803128
2011-08-30 14:00:00,323.397932388497
2011-08-30 15:00:00,335.9204909831737
2011-08-30 16:00:00,338.69923573390065
2011-08-30 17:00:00,337.7965049695306
2011-08-30 18:00:00,328.9838626125866
2011-08-30 19:00:00,309.8428109549298
2011-08-30 20:00:00,317.02854458570084
2011-08-30 21:00:00,278.5154167029116
2011-08-30 22:00:00,297.87648377443736
2011-08-30 23:00:00,311.6662140847476
2011-08-31 00:00:00,97.63895398799514
2011-08-31 01:00:00,102.1589980888743
2011-08-31 02:00:00,90.27660403717168
2011-08-31 03:00:00,89.3698801654185
2011-08-31 04:00:00,98.82850537765246
2011-08-31 05:00:00,91.76364268836177
2011-08-31 06:00:00,100.33966392459715
2011-08-31 07:00:00,117.60980287605004
2011-08-31 08:00:00,144.68618011626856
2011-08-31 09:00:00,154.8021975790831
2011-08-31 10:00:00,225.67620603370534
2011-08-31 11:00:00,253.67247264889215
2011-08-31 12:00:00,270.8290323542869
2011-08-31 13:00:00,291.3351778580795
2011-08-31 14:00:00,297.0632175613318
2011-08-31 15:00:00,310.81529897231627
2011-08-31 16:00:00,328.1835091127055
2011-08-31 17:00:00,321.9377142466548
2011-08-31 18:00:00,322.3122953683439
2011-08-31 19:00:00,455.6539645881797
2011-08-31 20:00:00,303.3750268511167
2011-08-31 21:00:00,300.3072650162639
2011-08-31 22:00:00,272.63157135968044
2011-08-31 23:00:00,249.00535220476877
2011-09-20 00:00:00,93.00047861827257
2011-09-20 01:00:00,79.8986594103598
2011-09-20 02:00:00,83.59744405916241
2011-09-20 03:00:00,93.83067050106314
2011-09-20 04:00:00,85.16826925581498
2011-09-20 05:00:00,96.46693789627386
2011-09-20 06:00:00,100.93272532801478
2011-09-20 07:00:00,104.82395306686969
2011-09-20 08:00:00,78.02349309456459
2011-09-20 09:00:00,81.03150838024374
2011-09-20 10:00:00,92.08274952215294
2011-09-20 11:00:00,96.34557774562516
2011-09-20 12:00:00,126.8731074100814
2011-09-20 13:00:00,131.7611232145835
2011-09-20 14:00:00,154.284570478125
2011-09-20 15:00:00,193.60401289563939
2011-09-20 16:00:00,182.77998789196164
2011-09-20 17:00:00,174.05007630463834
2011-09-20 18:00:00,182.10745492787777
2011-09-20 19:00:00,170.27389600855423
2011-09-20 20:00:00,161.57741211109328
2011-09-20 21:00:00,169.05738806964203
2011-09-20 22:00:00,176.88363792631478
2011-09-20 23:00:00,185.07219189473574
2011-09-21 00:00:00,59.28965103077445
2011-09-21 01:00:00,66.294493208141
2011-09-21 02:00:00,69.36349405982023
2011-09-21 03:00:00,80.3393284209729
2011-09-21 04:00:00,79.5378980686956
2011-09-21 05:00:00,83.84234409125136
2011-09-21 06:00:00,88.37753660270208
2011-09-21 07:00:00,92.46883773462922
2011-09-21 08:00:00,94.61569065862068
2011-09-21 09:00:00,101.73976898138518
2011-09-21 10:00:00,122.6630265257193
2011-09-21 11:00:00,150.39624321312917
2011-09-21 12:00:00,168.39971325999417
2011-09-21 13:00:00,199.69196327304914
2011-09-21 14:00:00,210.49368293211728
2011-09-21 15:00:00,215.38072368828452
2011-09-21 16:00:00,225.3514405977466
2011-09-21 17:00:00,177.92840086222049
2011-09-21 18:00:00,153.49074616209506
2011-09-21 19:00:00,128.2392132819811
2011-09-21 20:00:00,134.1758489772781
2011-09-21 21:00:00,164.53958143681558
2011-09-21 22:00:00,197.56531633748236
2011-09-21 23:00:00,184.1465793873043
2011-09-22 00:00:00,65.0328817023576
2011-09-22 01:00:00,73.38734621916575
2011-09-22 02:00:00,77.07032259206304
2011-09-22 03:00:00,80.3393284209729
2011-09-22 04:00:00,84.05851315888451
2011-09-22 05:00:00,88.27702675631723
2011-09-22 06:00:00,84.39277070091944
2011-09-22 07:00:00,87.6463387507568
2011-09-22 08:00:00,93.07821680194425
2011-09-22 09:00:00,115.13567399019949
2011-09-22 10:00:00,136.52091670900109
2011-09-22 11:00:00,141.78063180655744
2011-09-22 12:00:00,167.47613739912148
2011-09-22 13:00:00,176.53524151186588
2011-09-22 14:00:00,186.08900690695302
2011-09-22 15:00:00,213.40565990283437
2011-09-22 16:00:00,234.24007045503043
2011-09-22 17:00:00,217.86364225546802
2011-09-22 18:00:00,203.39991511949538
2011-09-22 19:00:00,198.4023142295287
2011-09-22 20:00:00,186.61120373520248
2011-09-22 21:00:00,217.19696246768538
2011-09-22 22:00:00,177.62323401318625
2011-09-22 23:00:00,206.711296565408
2011-09-23 00:00:00,109.12885187096899
2011-09-23 01:00:00,95.15095597324957
2011-09-23 02:00:00,102.18230927876154
2011-09-23 03:00:00,104.16460459920593
2011-09-23 04:00:00,81.02971994168654
2011-09-23 05:00:00,133.81677415796702
2011-09-23 06:00:00,143.17283582959087
2011-09-23 07:00:00,112.62174580213637
2011-09-23 08:00:00,117.83539503691051
2011-09-23 09:00:00,108.39812594562449
2011-09-23 10:00:00,112.57716493569154
2011-09-23 11:00:00,117.78875036832365
2011-09-23 12:00:00,140.1731445784424
2011-09-23 13:00:00,124.51522662663838
2011-09-23 14:00:00,130.27946612937356
2011-09-23 15:00:00,160.55555521630325
2011-09-23 16:00:00,163.67026781208506
2011-09-23 17:00:00,196.27693404525903
2011-09-23 18:00:00,189.7036154004158
2011-09-23 19:00:00,240.84992283503246
2011-09-23 20:00:00,228.98316479341318
2011-09-23 21:00:00,226.36326396105372
2011-09-23 22:00:00,261.1442010028299
2011-09-23 23:00:00,292.3900902837553
2011-09-24 00:00:00,94.41598270197022
2011-09-24 01:00:00,114.28552903178813
2011-09-24 02:00:00,119.57620053344618
2011-09-24 03:00:00,113.01979840812734
2011-09-24 04:00:00,117.63625975575339
2011-09-24 05:00:00,133.2422258120901
2011-09-24 06:00:00,139.4104682212007
2011-09-24 07:00:00,155.88127401588127
2011-09-24 08:00:00,163.98186705536168
2011-09-24 09:00:00,175.41404028039898
2011-09-24 10:00:00,183.53456150267928
2011-09-24 11:00:00,216.00875381867226
2011-09-24 12:00:00,226.00854441000115
2011-09-24 13:00:00,232.89423847868946
2011-09-24 14:00:00,303.44914411402294
2011-09-24 15:00:00,317.4968521009198
2011-09-24 16:00:00,295.2996917606014
2011-09-24 17:00:00,318.69430272354373
2011-09-24 18:00:00,299.73353070952044
2011-09-24 19:00:00,257.0054037332264
2011-09-24 20:00:00,293.23052952289675
2011-09-24 21:00:00,313.73231590567514
2011-09-24 22:00:00,318.67642742459105
2011-09-24 23:00:00,330.53195130153404
2011-09-25 00:00:00,114.15271001658853
2011-09-25 01:00:00,122.58823256807968
2011-09-25 02:00:00,81.68765072647078
2011-09-25 03:00:00,85.46925395653246
2011-09-25 04:00:00,92.46927311822239
2011-09-25 05:00:00,135.20824007185638
2011-09-25 06:00:00,153.7150242078303
2011-09-25 07:00:00,142.4581508850039
2011-09-25 08:00:00,169.12228744166018
2011-09-25 09:00:00,192.96021476699477
2011-09-25 10:00:00,201.893008952491
2011-09-25 11:00:00,245.70205981180803
2011-09-25 12:00:00,248.61554524836293
2011-09-25 13:00:00,289.3838326941765
2011-09-25 14:00:00,272.1668921045029
2011-09-25 15:00:00,284.7664367008412
2011-09-25 16:00:00,330.1446161280499
2011-09-25 17:00:00,320.36209656953497
2011-09-25 18:00:00,335.1927634867824
2011-09-25 19:00:00,289.79420828857974
2011-09-25 20:00:00,299.8511705313747
2011-09-25 21:00:00,260.98419967613233
2011-09-25 22:00:00,301.02276406248325
2011-09-25 23:00:00,310.4422912721549
2011-09-26 00:00:00,106.71931333014993
2011-09-26 01:00:00,126.33893062288344
2011-09-26 02:00:00,132.18759567662374
2011-09-26 03:00:00,122.23724205913263
2011-09-26 04:00:00,130.78369808059097
2011-09-26 05:00:00,147.51703453843956
2011-09-26 06:00:00,143.17283582959087
2011-09-26 07:00:00,146.49323515808533
2011-09-26 08:00:00,153.27491251481345
2011-09-26 09:00:00,189.32996829439574
2011-09-26 10:00:00,198.09470584385687
2011-09-26 11:00:00,244.07032462193143
2011-09-26 12:00:00,272.3672472327885
2011-09-26 13:00:00,320.5592950672557
2011-09-26 14:00:00,313.8837804852662
2011-09-26 15:00:00,379.06099586622867
2011-09-26 16:00:00,363.17289950041493
2011-09-26 17:00:00,356.8564903430032
2011-09-26 18:00:00,292.33143097677737
2011-09-26 19:00:00,308.1229460888052
2011-09-26 20:00:00,283.4653662120154
2011-09-26 21:00:00,296.5879561622073
2011-09-26 22:00:00,275.8716243462913
2011-09-26 23:00:00,288.64267378194654
2011-09-27 00:00:00,101.93653838572294
2011-09-27 01:00:00,107.45315798294396
2011-09-27 02:00:00,110.76738982876876
2011-09-27 03:00:00,122.23724205913263
2011-09-27 04:00:00,97.23537083353541
2011-09-27 05:00:00,101.73673167755835
2011-09-27 06:00:00,143.70540856720086
2011-09-27 07:00:00,150.35802781113952
2011-09-27 08:00:00,176.96203891082052
2011-09-27 09:00:00,140.76348923596584
2011-09-27 10:00:00,134.06182714306888
2011-09-27 11:00:00,209.0870797669781
2011-09-27 12:00:00,220.39699921971055
2011-09-27 13:00:00,325.3637335545317
2011-09-27 14:00:00,293.7657272554898
2011-09-27 15:00:00,292.9625524893892
2011-09-27 16:00:00,295.5979413101466
2011-09-27 17:00:00,280.5007197336981
2011-09-27 18:00:00,286.63994977892406
2011-09-27 19:00:00,293.2875732002997
2011-09-27 20:00:00,319.40016971414724
2011-09-27 21:00:00,297.0904306961553
2011-09-27 22:00:00,291.55106092000636
2011-09-27 23:00:00,305.04796557937584
2011-09-28 00:00:00,105.35154564880685
2011-09-28 01:00:00,110.22863223134992
2011-09-28 02:00:00,122.85801276767798
2011-09-28 03:00:00,117.44584733266122
2011-09-28 04:00:00,126.25684685795287
2011-09-28 05:00:00,125.73266339829841
2011-09-28 06:00:00,101.8924729240165
2011-09-28 07:00:00,106.60942709397615
2011-09-28 08:00:00,120.49591558332466
2011-09-28 09:00:00,126.07408730850908
2011-09-28 10:00:00,167.79464266835117
2011-09-28 11:00:00,230.54097685784845
2011-09-28 12:00:00,261.4478425380513
2011-09-28 13:00:00,302.7937814852521
2011-09-28 14:00:00,373.23050254183306
2011-09-28 15:00:00,325.9767205188844
2011-09-28 16:00:00,346.1791136664162
2011-09-28 17:00:00,364.91369611196086
2011-09-28 18:00:00,244.19673262681988
2011-09-28 19:00:00,255.50144202486948
2011-09-28 20:00:00,246.18230025647802
2011-09-28 21:00:00,233.63502087437962
2011-09-28 22:00:00,291.55106092000636
2011-09-28 23:00:00,271.20525340245354
2011-09-29 00:00:00,97.21386477472242
2011-09-29 01:00:00,99.8637679466816
2011-09-29 02:00:00,104.48680636282914
2011-09-29 03:00:00,120.54130641822256
2011-09-29 04:00:00,143.4487921758254
2011-09-29 05:00:00,146.77924886232023
2011-09-29 06:00:00,153.00502039092353
2011-09-29 07:00:00,149.53728225740196
2011-09-29 08:00:00,164.96547976603443
2011-09-29 09:00:00,206.82456913153553
2011-09-29 10:00:00,254.0202630732051
2011-09-29 11:00:00,277.812577804702
2011-09-29 12:00:00,297.6233501195608
2011-09-29 13:00:00,313.72236551953637
2011-09-29 14:00:00,388.2925038076812
2011-09-29 15:00:00,443.9705174226106
2011-09-29 16:00:00,481.94988230043293
2011-09-29 17:00:00,450.58184066463093
2011-09-29 18:00:00,494.5372282606273
2011-09-29 19:00:00,452.950655522727
2011-09-29 20:00:00,458.4393334126353
2011-09-29 21:00:00,388.333487599385
2011-09-29 22:00:00,344.81993373377856
2011-09-29 23:00:00,314.93787978549045
2011-09-30 00:00:00,104.07566345517681
2011-09-30 01:00:00,115.94052490702936
2011-09-30 02:00:00,113.93474948645121
2011-09-30 03:00:00,119.20918219252748
2011-09-30 04:00:00,127.5407472914919
2011-09-30 05:00:00,133.44504858590645
2011-09-30 06:00:00,140.66685130590375
2011-09-30 07:00:00,147.17880524912857
2011-09-30 08:00:00,166.04398512151027
2011-09-30 09:00:00,190.13147724681767
2011-09-30 10:00:00,244.72654450427575
2011-09-30 11:00:00,291.8571080486287
2011-09-30 12:00:00,339.2885272527326
2011-09-30 13:00:00,410.0554771964557
2011-09-30 14:00:00,425.8536056901506
2011-09-30 15:00:00,396.6721019630309
2011-09-30 16:00:00,395.5504371344475
2011-09-30 17:00:00,410.78973273979227
2011-09-30 18:00:00,400.5543911040852
2011-09-30 19:00:00,373.9011325719394
2011-09-30 20:00:00,391.21030621181296
2011-09-30 21:00:00,375.2915840617078
2011-09-30 22:00:00,406.0384657910769
2011-09-30 23:00:00,424.83538748131366
2011-10-20 00:00:00,102.92569840328058
2011-10-20 01:00:00,116.8108413370905
2011-10-20 02:00:00,124.9778999315085
2011-10-20 03:00:00,127.73383491336351
2011-10-20 04:00:00,133.6470749000783
2011-10-20 05:00:00,132.07400610327997
2011-10-20 06:00:00,131.78597243333158
2011-10-20 07:00:00,142.30499836124704
2011-10-20 08:00:00,174.82272470136618
2011-10-20 09:00:00,185.6573554992891
2011-10-20 10:00:00,211.7279916943225
2011-10-20 11:00:00,243.39460869478467
2011-10-20 12:00:00,275.1800998941283
2011-10-20 13:00:00,311.63081064974807
2011-10-20 14:00:00,328.5459934164691
2011-10-20 15:00:00,323.9880013754926
2011-10-20 16:00:00,338.9865239380446
2011-10-20 17:00:00,361.24155149314714
2011-10-20 18:00:00,346.54228668344444
2011-10-20 19:00:00,339.9564987542991
2011-10-20 20:00:00,382.2073599796119
2011-10-20 21:00:00,355.4536922685157
2011-10-20 22:00:00,374.6901979977284
2011-10-20 23:00:00,345.1543256549699
2011-10-21 00:00:00,113.0488279711994
2011-10-21 01:00:00,117.40716401946314
2011-10-21 02:00:00,112.2228831299321
2011-10-21 03:00:00,100.44135998432363
2011-10-21 04:00:00,105.87706325260959
2011-10-21 05:00:00,102.34507385477117
2011-10-21 06:00:00,115.90679585955765
2011-10-21 07:00:00,121.27252139714598
2011-10-21 08:00:00,159.96808665609475
2011-10-21 09:00:00,192.48188010558925
2011-10-21 10:00:00,215.54948710382052
2011-10-21 11:00:00,260.35670359101607
2011-10-21 12:00:00,277.5207920373964
2011-10-21 13:00:00,274.33153808440073
2011-10-21 14:00:00,324.0417321404305
2011-10-21 15:00:00,316.69671617314975
2011-10-21 16:00:00,328.89802963893146
2011-10-21 17:00:00,327.53253611251995
2011-10-21 18:00:00,321.3652138629746
2011-10-21 19:00:00,347.69401696492105
2011-10-21 20:00:00,349.2053633081905
2011-10-21 21:00:00,308.333395113228
2011-10-21 22:00:00,337.2128439021261
2011-10-21 23:00:00,317.73989543750366
2011-10-22 00:00:00,111.48166482353369
2011-10-22 01:00:00,116.6425357757538
2011-10-22 02:00:00,123.87145188275653
2011-10-22 03:00:00,125.8065340059133
2011-10-22 04:00:00,120.70168434999432
2011-10-22 05:00:00,123.50094294776953
2011-10-22 06:00:00,118.52219129971807
2011-10-22 07:00:00,116.72094813695627
2011-10-22 08:00:00,138.09219316796998
2011-10-22 09:00:00,159.30734392698346
2011-10-22 10:00:00,197.4978525522429
2011-10-22 11:00:00,206.6407096487537
2011-10-22 12:00:00,221.7935265769867
2011-10-22 13:00:00,269.8008666169231
2011-10-22 14:00:00,303.01596396864176
2011-10-22 15:00:00,283.3017940046568
2011-10-22 16:00:00,324.33861154818123
2011-10-22 17:00:00,281.2249579263579
2011-10-22 18:00:00,285.2271440345138
2011-10-22 19:00:00,252.72614882255846
2011-10-22 20:00:00,256.2877263209041
2011-10-22 21:00:00,235.3028411532328
2011-10-22 22:00:00,246.19582162499762
2011-10-22 23:00:00,233.62173922850116
2011-10-23 00:00:00,75.67605556066684
2011-10-23 01:00:00,79.17936130641306
2011-10-23 02:00:00,79.59753597519965
2011-10-23 03:00:00,84.01234939859846
2011-10-23 04:00:00,87.90157095198404
2011-10-23 05:00:00,89.15866982468789
2011-10-23 06:00:00,92.80048797379715
2011-10-23 07:00:00,99.80841482902149
2011-10-23 08:00:00,105.59859134030854
2011-10-23 09:00:00,136.70521711383535
2011-10-23 10:00:00,159.46275672387287
2011-10-23 11:00:00,178.91261434360393
2011-10-23 12:00:00,235.25576163836362
2011-10-23 13:00:00,261.54048260516777
2011-10-23 14:00:00,275.6945766587318
2011-10-23 15:00:00,293.7943828960262
2011-10-23 16:00:00,299.5707738632743
2011-10-23 17:00:00,273.9404908445661
2011-10-23 18:00:00,284.501632766631
2011-10-23 19:00:00,233.3789343819258
2011-10-23 20:00:00,255.83661790389414
2011-10-23 21:00:00,267.68017775693755
2011-10-23 22:00:00,257.7916121675417
2011-10-23 23:00:00,273.7682361757066
2011-10-24 00:00:00,92.72235027546026
2011-10-24 01:00:00,92.01271679069374
2011-10-24 02:00:00,90.41465773020653
2011-10-24 03:00:00,99.61331836822275
2011-10-24 04:00:00,101.92350516799131
2011-10-24 05:00:00,97.79450089492833
2011-10-24 06:00:00,108.35597640694125
2011-10-24 07:00:00,110.08422778320696
2011-10-24 08:00:00,132.96791863482147
2011-10-24 09:00:00,153.39856946431905
2011-10-24 10:00:00,169.29616538083593
2011-10-24 11:00:00,205.94555236599425
2011-10-24 12:00:00,228.95549414423573
2011-10-24 13:00:00,266.1534055712842
2011-10-24 14:00:00,276.40744663177077
2011-10-24 15:00:00,285.9220883498367
2011-10-24 16:00:00,279.51787649913126
2011-10-24 17:00:00,267.175365737382
2011-10-24 18:00:00,311.63656556393465
2011-10-24 19:00:00,183.19755001060338
2011-10-24 20:00:00,244.43556359664268
2011-10-24 21:00:00,234.53327967385616
2011-10-24 22:00:00,293.48420846074833
2011-10-24 23:00:00,285.7420088975366
2011-10-25 00:00:00,98.92232910343827
2011-10-25 01:00:00,103.501785066928
2011-10-25 02:00:00,99.30884338868985
2011-10-25 03:00:00,92.16866538753223
2011-10-25 04:00:00,96.64846292756046
2011-10-25 05:00:00,101.12265377938434
2011-10-25 06:00:00,110.9978423858509
2011-10-25 07:00:00,130.9407178721435
2011-10-25 08:00:00,145.21982500750877
2011-10-25 09:00:00,206.39543981646926
2011-10-25 10:00:00,234.58226576759893
2011-10-25 11:00:00,263.74417937319527
2011-10-25 12:00:00,320.4447088093482
2011-10-25 13:00:00,356.2410712487805
2011-10-25 14:00:00,348.682476675562
2011-10-25 15:00:00,363.3788494519879
2011-10-25 16:00:00,388.7755050125167
2011-10-25 17:00:00,397.80172238649993
2011-10-25 18:00:00,370.01572397800567
2011-10-25 19:00:00,282.03906272982533
2011-10-25 20:00:00,279.70559243001566
2011-10-25 21:00:00,270.4304070361057
2011-10-25 22:00:00,313.107813383799
2011-10-25 23:00:00,296.04827542077123
2011-10-26 00:00:00,106.11887731701391
2011-10-26 01:00:00,119.10896946118017
2011-10-26 02:00:00,121.87432745232482
2011-10-26 03:00:00,129.42748362207755
2011-10-26 04:00:00,126.50248989781815
2011-10-26 05:00:00,131.37950075950715
2011-10-26 06:00:00,137.46151119826553
2011-10-26 07:00:00,141.70130578914026
2011-10-26 08:00:00,174.3835083856683
2011-10-26 09:00:00,204.4971171863764
2011-10-26 10:00:00,231.97202851590615
2011-10-26 11:00:00,236.12858623772215
2011-10-26 12:00:00,227.34961448762542
2011-10-26 13:00:00,207.10841776089157
2011-10-26 14:00:00,221.04538482890436
2011-10-26 15:00:00,231.27833844949822
2011-10-26 16:00:00,247.44861614046863
2011-10-26 17:00:00,259.86693419805044
2011-10-26 18:00:00,254.92834925707655
2011-10-26 19:00:00,234.79475899797308
2011-10-26 20:00:00,229.8777043265202
2011-10-26 21:00:00,303.42824114856586
2011-10-26 22:00:00,270.06047700470236
2011-10-26 23:00:00,282.5625083775067
2011-10-27 00:00:00,81.75592178935786
2011-10-27 01:00:00,85.54068552250232
2011-10-27 02:00:00,72.03508269452524
2011-10-27 03:00:00,75.36983524246594
2011-10-27 04:00:00,86.95048418940937
2011-10-27 05:00:00,93.02979747111603
2011-10-27 06:00:00,104.93264870208851
2011-10-27 07:00:00,124.2331496137119
2011-10-27 08:00:00,109.36562129595916
2011-10-27 09:00:00,168.4109453361843
2011-10-27 10:00:00,123.50211675297801
2011-10-27 11:00:00,127.31135471352717
2011-10-27 12:00:00,133.20503663394763
2011-10-27 13:00:00,188.85969634707507
2011-10-27 14:00:00,206.84089000569057
2011-10-27 15:00:00,222.12577454290349
2011-10-27 16:00:00,280.446976092863
2011-10-27 17:00:00,291.05649911166716
2011-10-27 18:00:00,312.0195384032858
2011-10-27 19:00:00,306.74172517633684
2011-10-27 20:00:00,289.4864852682374
2011-10-27 21:00:00,312.6573031367301
2011-10-27 22:00:00,257.67300950537515
2011-10-27 23:00:00,271.088346390747
2011-10-28 00:00:00,89.71162120326156
2011-10-28 01:00:00,90.97589438158636
2011-10-28 02:00:00,95.89934390977285
2011-10-28 03:00:00,93.05774916123926
2011-10-28 04:00:00,102.90668675387182
2011-10-28 05:00:00,120.93124042700367
2011-10-28 06:00:00,108.3774519020483
2011-10-28 07:00:00,113.39461812648777
2011-10-28 08:00:00,128.91031183366405
2011-10-28 09:00:00,143.28376879282422
2011-10-28 10:00:00,154.67722825314368
2011-10-28 11:00:00,186.12079202322943
2011-10-28 12:00:00,254.71756168725958
2011-10-28 13:00:00,264.5806908908502
2011-10-28 14:00:00,239.4400627355204
2011-10-28 15:00:00,254.7755465960922
2011-10-28 16:00:00,260.1829647117474
2011-10-28 17:00:00,258.50356309762816
2011-10-28 18:00:00,263.5926575991291
2011-10-28 19:00:00,282.9916017356722
2011-10-28 20:00:00,187.26181975443828
2011-10-28 21:00:00,174.7327840778691
2011-10-28 22:00:00,167.43623688104628
2011-10-28 23:00:00,160.66834179651204
2011-10-29 00:00:00,51.13642842712285
2011-10-29 01:00:00,55.19127941497445
2011-10-29 02:00:00,57.746274186531515
2011-10-29 03:00:00,66.51874802116214
2011-10-29 04:00:00,69.59813040196774
2011-10-29 05:00:00,57.220440873785655
2011-10-29 06:00:00,63.980813901317106
2011-10-29 07:00:00,66.94270655411685
2011-10-29 08:00:00,74.54511948705131
2011-10-29 09:00:00,77.99607029945138
2011-10-29 10:00:00,71.21865386046265
2011-10-29 11:00:00,75.63242685148133
2011-10-29 12:00:00,81.55345868907881
2011-10-29 13:00:00,85.96698317745147
2011-10-29 14:00:00,88.2900856291918
2011-10-29 15:00:00,84.95742475309721
2011-10-29 16:00:00,87.79147800010452
2011-10-29 17:00:00,91.85564845701687
2011-10-29 18:00:00,96.10796338853096
2011-10-29 19:00:00,138.75595968840707
2011-10-29 20:00:00,145.1794518647827
2011-10-29 21:00:00,151.90030965941824
2011-10-29 22:00:00,153.70151287415675
2011-10-29 23:00:00,164.69170732133765
2011-10-30 00:00:00,56.79380836708659
2011-10-30 01:00:00,59.8658939247476
2011-10-30 02:00:00,63.105726950867634
2011-10-30 03:00:00,76.82200609869088
2011-10-30 04:00:00,73.17960644311881
2011-10-30 05:00:00,82.85751212780487
2011-10-30 06:00:00,88.45308652442027
2011-10-30 07:00:00,98.40922689909283
2011-10-30 08:00:00,108.11725689925483
2011-10-30 09:00:00,128.19570781324813
2011-10-30 10:00:00,147.75664946212407
2011-10-30 11:00:00,180.20652624894075
2011-10-30 12:00:00,212.40256531551546
2011-10-30 13:00:00,249.61892056599535
2011-10-30 14:00:00,282.6306910273269
2011-10-30 15:00:00,303.4382890548804
2011-10-30 16:00:00,325.76964863021425
2011-10-30 17:00:00,317.27077027626484
2011-10-30 18:00:00,279.3483535300067
2011-10-30 19:00:00,400.5682355141221
2011-10-30 20:00:00,252.74234812465733
2011-10-30 21:00:00,232.04775916192858
2011-10-30 22:00:00,213.00383698387708
2011-10-30 23:00:00,183.35315383338929
2011-10-31 00:00:00,64.6933405352705
2011-10-31 01:00:00,72.33660765689653
2011-10-31 02:00:00,68.65624196835637
2011-10-31 03:00:00,69.2755757830219
2011-10-31 04:00:00,75.16004673575547
2011-10-31 05:00:00,71.32136005804492
2011-10-31 06:00:00,82.27995683079463
2011-10-31 07:00:00,80.55685599230748
2011-10-31 08:00:00,103.77928503260166
2011-10-31 09:00:00,127.7663826913743
2011-10-31 10:00:00,175.5800700911754
2011-10-31 11:00:00,206.16892678452683
2011-10-31 12:00:00,243.16714619875685
2011-10-31 13:00:00,284.172106940691
2011-10-31 14:00:00,287.6155927625495
2011-10-31 15:00:00,273.8785380394869
2011-10-31 16:00:00,257.0295564654701
2011-10-31 17:00:00,266.9320847464756
2011-10-31 18:00:00,234.44455697199237
2011-10-31 19:00:00,245.2978045073436
2011-10-31 20:00:00,256.6534863221888
2011-10-31 21:00:00,235.80124604206628
2011-10-31 22:00:00,246.7172993959709
2011-10-31 23:00:00,258.1386945274336
2011-11-20 00:00:00,102.60595299359953
2011-11-20 01:00:00,118.390736176609
2011-11-20 02:00:00,124.79782695744308
2011-11-20 03:00:00,135.23143563603597
2011-11-20 04:00:00,133.8731925761601
2011-11-20 05:00:00,151.03017524512074
2011-11-20 06:00:00,156.8488857553685
2011-11-20 07:00:00,150.47446467420312
2011-11-20 08:00:00,165.49855677345406
2011-11-20 09:00:00,158.43363449801595
2011-11-20 10:00:00,176.80204655831707
2011-11-20 11:00:00,224.36617272564968
2011-11-20 12:00:00,236.5025674960626
2011-11-20 13:00:00,276.39133164355565
2011-11-20 14:00:00,254.21028893289565
2011-11-20 15:00:00,268.4080160763155
2011-11-20 16:00:00,292.4325863181793
2011-11-20 17:00:00,310.5560832002436
2011-11-20 18:00:00,331.5598362983307
2011-11-20 19:00:00,291.68752371281187
2011-11-20 20:00:00,329.1374305000875
2011-11-20 21:00:00,291.8020056269489
2011-11-20 22:00:00,194.78430668184325
2011-11-20 23:00:00,203.80154437643543
2011-11-21 00:00:00,88.50471012398866
2011-11-21 01:00:00,72.2579014800064
2011-11-21 02:00:00,68.58154023019081
2011-11-21 03:00:00,70.69683520088577
2011-11-21 04:00:00,73.96963565448219
2011-11-21 05:00:00,100.67051751810364
2011-11-21 06:00:00,102.08923042774806
2011-11-21 07:00:00,126.56416288901187
2011-11-21 08:00:00,127.1143083486349
2011-11-21 09:00:00,140.8422239529385
2011-11-21 10:00:00,172.59267919141558
2011-11-21 11:00:00,185.346729772693
2011-11-21 12:00:00,202.36368715886533
2011-11-21 13:00:00,211.73180052975465
2011-11-21 14:00:00,206.24159471790637
2011-11-21 15:00:00,132.97918675829249
2011-11-21 16:00:00,139.13525218193917
2011-11-21 17:00:00,143.74344978559233
2011-11-21 18:00:00,156.59488558194693
2011-11-21 19:00:00,148.62759954843168
2011-11-21 20:00:00,169.29390736233174
2011-11-21 21:00:00,174.5155245731857
2011-11-21 22:00:00,181.2390506194703
2011-11-21 23:00:00,191.04737758703686
2011-11-22 00:00:00,59.62401449214644
2011-11-22 01:00:00,64.84486223412128
2011-11-22 02:00:00,61.07777018010987
2011-11-22 03:00:00,63.905270921580296
2011-11-22 04:00:00,72.52638143854043
2011-11-22 05:00:00,75.88387790065627
2011-11-22 06:00:00,105.21353040265471
2011-11-22 07:00:00,84.31741798014305
2011-11-22 08:00:00,88.22076221086233
2011-11-22 09:00:00,90.06780997146012
2011-11-22 10:00:00,94.23735969021948
2011-11-22 11:00:00,101.95549566358453
2011-11-22 12:00:00,98.71465529309494
2011-11-22 13:00:00,106.54221051825283
2011-11-22 14:00:00,111.47441708620586
2011-11-22 15:00:00,125.76305685292
2011-11-22 16:00:00,131.58506272269267
2011-11-22 17:00:00,131.7381646371653
2011-11-22 18:00:00,134.79337626906295
2011-11-22 19:00:00,159.574218400356
2011-11-22 20:00:00,216.48213109869434
2011-11-22 21:00:00,228.1920630008027
2011-11-22 22:00:00,267.5474203685342
2011-11-22 23:00:00,275.44093272218834
2011-11-23 00:00:00,97.27423476074665
2011-11-23 01:00:00,102.91996071434808
2011-11-23 02:00:00,83.82452702352715
2011-11-23 03:00:00,87.70505363105578
2011-11-23 04:00:00,101.18102095547196
2011-11-23 05:00:00,116.47392493888881
2011-11-23 06:00:00,105.33090315574663
2011-11-23 07:00:00,116.24986087902323
2011-11-23 08:00:00,134.61063324196311
2011-11-23 09:00:00,153.27843482510536
2011-11-23 10:00:00,160.37422248797188
2011-11-23 11:00:00,219.38552939764398
2011-11-23 12:00:00,248.11636530062597
2011-11-23 13:00:00,272.00344525094374
2011-11-23 14:00:00,252.91809151089188
2011-11-23 15:00:00,285.4092739077808
2011-11-23 16:00:00,265.9423114823899
2011-11-23 17:00:00,178.15371918584052
2011-11-23 18:00:00,308.8767773287698
2011-11-23 19:00:00,279.8218979642098
2011-11-23 20:00:00,247.27504337374558
2011-11-23 21:00:00,270.05861167618605
2011-11-23 22:00:00,261.03163095567663
2011-11-23 23:00:00,267.0853578873174
2011-11-24 00:00:00,91.24406008268663
2011-11-24 01:00:00,97.13289614536744
2011-11-24 02:00:00,94.02769394901105
2011-11-24 03:00:00,90.68217403476643
2011-11-24 04:00:00,104.38316175298314
2011-11-24 05:00:00,109.62167681410075
2011-11-24 06:00:00,114.27137709337627
2011-11-24 07:00:00,93.59658637912462
2011-11-24 08:00:00,119.67803195875833
2011-11-24 09:00:00,136.2272089569125
2011-11-24 10:00:00,158.56591672817515
2011-11-24 11:00:00,234.2266680446366
2011-11-24 12:00:00,270.59301279218795
2011-11-24 13:00:00,301.97326172354633
2011-11-24 14:00:00,339.46642992984795
2011-11-24 15:00:00,351.2384548423816
2011-11-24 16:00:00,358.15319778764217
2011-11-24 17:00:00,351.28611181121477
2011-11-24 18:00:00,276.27146357210603
2011-11-24 19:00:00,269.0824807187022
2011-11-24 20:00:00,197.7468700996132
2011-11-24 21:00:00,218.67577285412696
2011-11-24 22:00:00,228.799028959636
2011-11-24 23:00:00,223.1564121071344
2011-11-25 00:00:00,81.016678898502
2011-11-25 01:00:00,86.60053301620924
2011-11-25 02:00:00,75.30678937103262
2011-11-25 03:00:00,84.2039942838167
2011-11-25 04:00:00,93.76670197969577
2011-11-25 05:00:00,95.58573793474332
2011-11-25 06:00:00,87.472649572192
2011-11-25 07:00:00,94.90283343927949
2011-11-25 08:00:00,96.47266339197114
2011-11-25 09:00:00,120.57632880978049
2011-11-25 10:00:00,138.90661484378433
2011-11-25 11:00:00,171.42655319561507
2011-11-25 12:00:00,232.48409080729942
2011-11-25 13:00:00,285.0202902000828
2011-11-25 14:00:00,328.81393672915624
2011-11-25 15:00:00,353.0128019328545
2011-11-25 16:00:00,343.73248979259796
2011-11-25 17:00:00,374.49917651884317
2011-11-25 18:00:00,328.3631069501824
2011-11-25 19:00:00,244.72376825802738
2011-11-25 20:00:00,280.4188732538358
2011-11-25 21:00:00,233.45550802491042
2011-11-25 22:00:00,234.6884704804539
2011-11-25 23:00:00,233.19552015844252
2011-11-26 00:00:00,82.4304547559017
2011-11-26 01:00:00,83.28232443637226
2011-11-26 02:00:00,80.22222874347806
2011-11-26 03:00:00,84.35789667488545
2011-11-26 04:00:00,88.26311480406339
2011-11-26 05:00:00,98.19746984955057
2011-11-26 06:00:00,110.81243102031875
2011-11-26 07:00:00,85.71935304209643
2011-11-26 08:00:00,114.32136093704284
2011-11-26 09:00:00,123.411823885209
2011-11-26 10:00:00,127.15651299468273
2011-11-26 11:00:00,179.35202276694727
2011-11-26 12:00:00,219.78384932412504
2011-11-26 13:00:00,264.46261400012395
2011-11-26 14:00:00,296.325445089829
2011-11-26 15:00:00,339.2572176469916
2011-11-26 16:00:00,317.9124895876743
2011-11-26 17:00:00,332.62975574492185
2011-11-26 18:00:00,279.0456926149459
2011-11-26 19:00:00,251.47882976206003
2011-11-26 20:00:00,306.50852179707954
2011-11-26 21:00:00,231.0220341775675
2011-11-26 22:00:00,258.31639096283635
2011-11-26 23:00:00,228.99932316136395
2011-11-27 00:00:00,80.87299770988673
2011-11-27 01:00:00,84.61688784070411
2011-11-27 02:00:00,85.80936279874686
2011-11-27 03:00:00,84.01234939859846
2011-11-27 04:00:00,87.46194362243749
2011-11-27 05:00:00,93.57468480201712
2011-11-27 06:00:00,112.76477444643726
2011-11-27 07:00:00,113.30528982500249
2011-11-27 08:00:00,131.7013937782091
2011-11-27 09:00:00,168.36642302239594
2011-11-27 10:00:00,176.16068572273247
2011-11-27 11:00:00,220.78307421597165
2011-11-27 12:00:00,260.8256791373082
2011-11-27 13:00:00,255.31554265813392
2011-11-27 14:00:00,428.7569466303016
2011-11-27 15:00:00,429.0247733564988
2011-11-27 16:00:00,334.53778565742874
2011-11-27 17:00:00,319.83156059392684
2011-11-27 18:00:00,288.76565073519413
2011-11-27 19:00:00,284.4089167158394
2011-11-27 20:00:00,323.2498166967071
2011-11-27 21:00:00,316.0173962037557
2011-11-27 22:00:00,310.52112933464554
2011-11-27 23:00:00,324.8962239205622
2011-11-28 00:00:00,105.91030743261352
2011-11-28 01:00:00,111.22546297394763
2011-11-28 03:00:00,102.58144647941454
2011-11-28 04:00:00,110.92600079230262
2011-11-28 05:00:00,100.89980167123012
2011-11-28 06:00:00,117.69675559630113
2011-11-28 07:00:00,112.68766509007597
2011-11-28 08:00:00,119.43510554095124
2011-11-28 09:00:00,145.6924424928348
2011-11-28 10:00:00,179.2004133673017
2011-11-28 11:00:00,218.82531520718103
2011-11-28 12:00:00,245.93844235419903
2011-11-28 13:00:00,292.7008292896187
2011-11-28 14:00:00,330.5534851431875
2011-11-28 15:00:00,295.00106594867395
2011-11-28 16:00:00,301.3881601539746
2011-11-28 17:00:00,340.0835364967334
2011-11-28 18:00:00,318.00866989826346
2011-11-28 19:00:00,291.9700627595703
2011-11-28 20:00:00,333.1685262664728
2011-11-28 21:00:00,331.02627377668705
2011-11-28 22:00:00,304.91128840118154
2011-11-28 23:00:00,321.4045223010925
2011-11-29 00:00:00,101.40050958851037
2011-11-29 01:00:00,108.49012467760444
2011-11-29 02:00:00,110.19982191921207
2011-11-29 03:00:00,115.30135194016161
2011-11-29 04:00:00,142.77131762586254
2011-11-29 05:00:00,125.1369613691857
2011-11-29 06:00:00,142.77512033661816
2011-11-29 07:00:00,157.28609388625696
2011-11-29 08:00:00,172.33777458290672
2011-11-29 09:00:00,161.80891138586944
2011-11-29 10:00:00,169.29960424467734
2011-11-29 11:00:00,132.62853075467143
2011-11-29 12:00:00,134.87522258720858
2011-11-29 13:00:00,144.24115869573464
2011-11-29 14:00:00,118.53099482874356
2011-11-29 15:00:00,138.5743483837307
2011-11-29 16:00:00,141.2626344899422
2011-11-29 17:00:00,202.52722031734973
2011-11-29 18:00:00,223.9620602064894
2011-11-29 19:00:00,236.08247855632578
2011-11-29 20:00:00,222.34110648998825
2011-11-29 21:00:00,232.63404353739435
2011-11-29 22:00:00,240.30645609416655
2011-11-29 23:00:00,242.5692142068428
2011-11-30 00:00:00,100.77089670509115
2011-11-30 01:00:00,92.68520419916506
2011-11-30 02:00:00,91.88401009758407
2011-11-30 03:00:00,96.13763798730679
2011-11-30 04:00:00,90.76276903802521
2011-11-30 05:00:00,85.48787397951683
2011-11-30 06:00:00,81.85161025946113
2011-11-30 07:00:00,91.52206036100128
2011-11-30 08:00:00,97.9185643036047
2011-11-30 09:00:00,115.51437692130169
2011-11-30 10:00:00,140.0099176494722
2011-11-30 11:00:00,199.1531203268483
2011-11-30 12:00:00,200.6124708031765
2011-11-30 13:00:00,270.57312711473355
2011-11-30 14:00:00,283.0988908301222
2011-11-30 15:00:00,231.93811743826473
2011-11-30 16:00:00,239.98127297860387
2011-11-30 17:00:00,249.82813040229902
2011-11-30 18:00:00,241.46138106637815
2011-11-30 19:00:00,247.53692844487747
2011-11-30 20:00:00,258.996267033291
2011-11-30 21:00:00,260.3468757683138
2011-11-30 22:00:00,249.7531119737581
2011-11-30 23:00:00,263.81251942425337
2011-12-20 00:00:00,104.83801263326392
2011-12-20 01:00:00,115.25748797422163
2011-12-20 02:00:00,115.80674934031163
2011-12-20 03:00:00,121.16784337929555
2011-12-20 04:00:00,142.1706691288006
2011-12-20 05:00:00,143.05409881126013
2011-12-20 06:00:00,149.6765666791351
2011-12-20 07:00:00,148.17323901747235
2011-12-20 08:00:00,190.16427031562407
2011-12-20 09:00:00,155.18393219393246
2011-12-20 10:00:00,204.41093629548988
2011-12-20 11:00:00,196.88655592458844
2011-12-20 12:00:00,237.7695777910693
2011-12-20 13:00:00,248.7767520137181
2011-12-20 14:00:00,247.17713327909627
2011-12-20 15:00:00,263.37999394047074
2011-12-20 16:00:00,254.55939240993948
2011-12-20 17:00:00,238.6107131040393
2011-12-20 18:00:00,233.21823525591617
2011-12-20 19:00:00,232.49906956098994
2011-12-20 20:00:00,235.82408770440253
2011-12-20 21:00:00,244.54700917578106
2011-12-20 22:00:00,279.47459867364904
2011-12-20 23:00:00,315.29163383646267
2011-12-21 00:00:00,56.32105220704576
2011-12-21 01:00:00,65.79596780863992
2011-12-21 02:00:00,65.47598926391655
2011-12-21 03:00:00,68.5070987436225
2011-12-21 04:00:00,71.67852874053264
2011-12-21 05:00:00,70.30004515620622
2011-12-21 06:00:00,65.7318646458777
2011-12-21 07:00:00,68.41678018031597
2011-12-21 08:00:00,50.06204351704808
2011-12-21 09:00:00,84.72849681500392
2011-12-21 10:00:00,111.38846724169647
2011-12-21 11:00:00,116.54502375625823
2011-12-21 12:00:00,81.61537824843583
2011-12-21 13:00:00,75.75256167116926
2011-12-21 14:00:00,123.06893226503145
2011-12-21 15:00:00,129.72919848844705
2011-12-21 16:00:00,81.79911133743289
2011-12-21 17:00:00,85.58587446379097
2011-12-21 18:00:00,119.5498794461205
2011-12-21 19:00:00,147.8538040530346
2011-12-21 20:00:00,155.85149868095465
2011-12-21 21:00:00,158.01165576796419
2011-12-21 22:00:00,164.09934043539263
2011-12-21 23:00:00,169.1607390034659
2011-12-22 00:00:00,67.58890226467308
2011-12-22 01:00:00,51.90750287473844
2011-12-22 02:00:00,66.25958007022778
2011-12-22 03:00:00,78.05723232026118
2011-12-22 04:00:00,62.52877290182956
2011-12-22 05:00:00,63.27022647106161
2011-12-22 06:00:00,60.71958404844776
2011-12-22 07:00:00,57.61842234770567
2011-12-22 08:00:00,71.9586431935724
2011-12-22 09:00:00,79.41811956104618
2011-12-22 10:00:00,90.61216968329278
2011-12-22 11:00:00,104.29018997470676
2011-12-22 12:00:00,148.15782859087443
2011-12-22 13:00:00,137.51249478118638
2011-12-22 14:00:00,143.87842267620755
2011-12-22 15:00:00,162.35104519135263
2011-12-22 16:00:00,157.5080234888865
2011-12-22 17:00:00,159.22432214614042
2011-12-22 18:00:00,172.8332136525122
2011-12-22 19:00:00,176.84148298117427
2011-12-22 20:00:00,120.68821317473328
2011-12-22 21:00:00,126.27528701898156
2011-12-22 22:00:00,93.84061421328491
2011-12-22 23:00:00,112.25835426437357
2011-12-23 00:00:00,41.60857151488142
2011-12-23 01:00:00,43.5347758681662
2011-12-23 02:00:00,40.25321845314739
2011-12-23 03:00:00,42.116678836314904
2011-12-23 04:00:00,45.73671371348601
2011-12-23 05:00:00,53.55038263084248
2011-12-23 06:00:00,70.51937535867191
2011-12-23 07:00:00,73.23808674420725
2011-12-23 08:00:00,85.12093833741433
2011-12-23 09:00:00,100.60354426371052
2011-12-23 10:00:00,111.67541951177513
2011-12-23 11:00:00,124.89288542219559
2011-12-23 12:00:00,139.15361634698328
2011-12-23 13:00:00,149.93991888697926
2011-12-23 14:00:00,148.42001135767836
2011-12-23 15:00:00,148.2891311962393
2011-12-23 16:00:00,159.78356069412183
2011-12-23 17:00:00,144.59085156571746
2011-12-23 18:00:00,152.70946109915934
2011-12-23 19:00:00,152.27764643243805
2011-12-23 20:00:00,141.68112462912316
2011-12-23 21:00:00,144.42968093334036
2011-12-23 22:00:00,146.424077445652
2011-12-23 23:00:00,155.70114191718963
2011-12-24 00:00:00,55.67056784625192
2011-12-24 01:00:00,62.20163721643813
2011-12-24 02:00:00,64.5024199825747
2011-12-24 03:00:00,64.56534552792948
2011-12-24 04:00:00,69.73803634531534
2011-12-24 05:00:00,72.96645069137939
2011-12-24 06:00:00,66.97816873772526
2011-12-24 07:00:00,67.46981322255834
2011-12-24 08:00:00,67.76308906430317
2011-12-24 09:00:00,98.87010946864997
2011-12-24 10:00:00,105.61551984560042
2011-12-24 11:00:00,117.57965785442119
2011-12-24 12:00:00,128.52123341032095
2011-12-24 13:00:00,130.81724546854304
2011-12-24 14:00:00,136.8732271697198
2011-12-24 15:00:00,140.57197892141554
2011-12-24 16:00:00,145.70344532576186
2011-12-24 17:00:00,136.51412553979188
2011-12-24 18:00:00,155.40987334191706
2011-12-24 19:00:00,145.56501966989222
2011-12-24 20:00:00,134.17748122841044
2011-12-24 21:00:00,137.11418108762
2011-12-24 22:00:00,153.19992015880518
2011-12-24 23:00:00,144.08526472294204
2011-12-25 00:00:00,48.00552534439539
2011-12-25 01:00:00,44.7936429622788
2011-12-25 02:00:00,46.15830134102596
2011-12-25 03:00:00,50.36349389695195
2011-12-25 05:00:00,49.86093109412621
2011-12-25 06:00:00,52.16916564858541
2011-12-25 07:00:00,53.27413610812152
2011-12-25 08:00:00,53.157953178646714
2011-12-25 09:00:00,54.78121183947432
2011-12-25 10:00:00,62.63483502896504
2011-12-25 11:00:00,81.9957200413264
2011-12-25 12:00:00,78.86398687929831
2011-12-25 13:00:00,91.78758417350403
2011-12-25 14:00:00,109.46641752696581
2011-12-25 15:00:00,116.40193681164665
2011-12-25 16:00:00,132.5013943925408
2011-12-25 17:00:00,125.54703243079388
2011-12-25 18:00:00,116.99480641199426
2011-12-25 19:00:00,143.66252701020912
2011-12-25 20:00:00,162.41256312833045
2011-12-25 21:00:00,149.41547609159687
2011-12-25 22:00:00,140.01833180196863
2011-12-25 23:00:00,139.1145562119908
2011-12-26 00:00:00,38.58732168887534
2011-12-26 01:00:00,55.1080178900532
2011-12-26 02:00:00,71.25535398319452
2011-12-26 04:00:00,77.0232594056621
2011-12-26 05:00:00,86.13943116444798
2011-12-26 06:00:00,84.94228289370822
2011-12-26 07:00:00,89.67197804015366
2011-12-26 08:00:00,95.35337099192144
2011-12-26 09:00:00,96.5804950122939
2011-12-26 10:00:00,108.27220825195627
2011-12-26 11:00:00,110.00216528763808
2011-12-26 12:00:00,122.91876033513299
2011-12-26 13:00:00,149.11997820288022
2011-12-26 14:00:00,157.1900795337528
2011-12-26 15:00:00,161.43383475254154
2011-12-26 16:00:00,145.32370323454913
2011-12-26 17:00:00,140.4818133649482
2011-12-26 18:00:00,141.84160069078558
2011-12-26 19:00:00,120.51758586366172
2011-12-26 20:00:00,139.30654182741668
2011-12-26 21:00:00,118.31708200936976
2011-12-26 22:00:00,123.79438800995884
2011-12-26 23:00:00,124.91111168084853
2011-12-27 00:00:00,45.358162701186494
2011-12-27 01:00:00,48.591435475842076
2011-12-27 02:00:00,50.84090069750791
2011-12-27 03:00:00,67.12030635959454
2011-12-27 04:00:00,67.18578579250887
2011-12-27 05:00:00,69.92352394086129
2011-12-27 06:00:00,75.91224369364645
2011-12-27 07:00:00,78.10857057292795
2011-12-27 08:00:00,81.83088023203459
2011-12-27 09:00:00,66.0139248602495
2011-12-27 10:00:00,92.55628470953849
2011-12-27 11:00:00,72.2674229678025
2011-12-27 12:00:00,61.85636434991121
2011-12-27 13:00:00,59.35460582954068
2011-12-27 14:00:00,89.7142899641074
2011-12-27 15:00:00,93.86747402184201
2011-12-27 16:00:00,93.41974843463093
2011-12-27 17:00:00,88.4772577677255
2011-12-27 18:00:00,115.70411084242826
2011-12-27 19:00:00,103.74230109335505
2011-12-27 20:00:00,99.69906248315515
2011-12-27 21:00:00,111.47811980233905
2011-12-27 22:00:00,116.63882664329533
2011-12-27 23:00:00,108.4992194387487
2011-12-28 00:00:00,42.56500451004665
2011-12-28 01:00:00,50.30240963128446
2011-12-28 02:00:00,61.58356060327923
2011-12-28 03:00:00,64.434476128759
2011-12-28 05:00:00,73.36312781599622
2011-12-28 06:00:00,77.1451909649339
2011-12-28 07:00:00,80.71650805805957
2011-12-28 08:00:00,84.03077318644529
2011-12-28 09:00:00,90.0229947344865
2011-12-28 10:00:00,94.68338820159065
2011-12-28 11:00:00,119.35221497016931
2011-12-28 12:00:00,119.37950623588848
2011-12-28 13:00:00,131.99275880801807
2011-12-28 14:00:00,135.5596247170605
2011-12-28 15:00:00,147.71730136177598
2011-12-28 16:00:00,149.7990274478877
2011-12-28 17:00:00,147.155894689115
2011-12-28 18:00:00,142.8782898936808
2011-12-28 19:00:00,141.94272748404646
2011-12-28 20:00:00,147.4150009882014
2011-12-28 21:00:00,145.90698913047476
2011-12-28 22:00:00,156.3115941474674
2011-12-28 23:00:00,159.48827781275622
2011-12-29 00:00:00,59.956718863626854
2011-12-29 01:00:00,56.58536448869915
2011-12-29 02:00:00,56.72596980134287
2011-12-29 03:00:00,54.55426400679734
2011-12-29 04:00:00,58.444520206079744
2011-12-29 05:00:00,62.160201552173504
2011-12-29 06:00:00,64.5192448099619
2011-12-29 07:00:00,59.478975867710446
2011-12-29 08:00:00,72.34456482385114
2011-12-29 09:00:00,71.2779367857574
2011-12-29 10:00:00,77.52116670577341
2011-12-29 11:00:00,88.57130202083744
2011-12-29 12:00:00,100.29415448194271
2011-12-29 13:00:00,113.17097104525715
2011-12-29 14:00:00,126.65679748895678
2011-12-29 15:00:00,131.36873272352264
2011-12-29 16:00:00,125.370607407444
2011-12-29 17:00:00,118.73579266274334
2011-12-29 18:00:00,130.32775443499605
2011-12-29 19:00:00,139.65012345836024
2011-12-29 20:00:00,124.26957378402984
2011-12-29 21:00:00,148.22466905340966
2011-12-29 22:00:00,137.05560332474113
2011-12-29 23:00:00,149.02964294969064
2011-12-30 00:00:00,47.916170352195856
2011-12-30 01:00:00,52.40053151289046
2011-12-30 02:00:00,48.92171796816115
2011-12-30 03:00:00,51.18647310609559
2011-12-30 04:00:00,53.35759258915327
2011-12-30 05:00:00,52.821677404307046
2011-12-30 06:00:00,58.412156531324996
2011-12-30 07:00:00,57.82547410909151
2011-12-30 08:00:00,65.4967685553087
2011-12-30 09:00:00,67.96395694855218
2011-12-30 10:00:00,82.03066850136494
2011-12-30 11:00:00,89.00695037183148
2011-12-30 12:00:00,104.56125888833448
2011-12-30 13:00:00,127.72543448400931
2011-12-30 14:00:00,159.9791451284549
2011-12-30 15:00:00,161.24350881105914
2011-12-30 16:00:00,171.280535652766
2011-12-30 17:00:00,154.67550479031672
2011-12-30 18:00:00,133.91529350444952
2011-12-30 19:00:00,171.19122628711582
2011-12-30 20:00:00,150.7055847487399
2011-12-30 21:00:00,162.65574841854092
2011-12-30 22:00:00,153.5619808796254
2011-12-30 23:00:00,173.64428700012192
2011-12-31 00:00:00,74.04009842650746
2011-12-31 01:00:00,79.04021088992815
2011-12-31 02:00:00,82.69925499448894
2011-12-31 03:00:00,86.52768887683976
2011-12-31 04:00:00,72.28650357112247
2011-12-31 05:00:00,70.5620746079052
2011-12-31 06:00:00,85.47778333464206
2011-12-31 07:00:00,59.63036017814014
2011-12-31 08:00:00,66.95371976764339
2011-12-31 09:00:00,81.10667924020751
2011-12-31 10:00:00,91.2128077111402
2011-12-31 11:00:00,104.0479287408584
2011-12-31 12:00:00,187.48305334907778
2011-12-31 13:00:00,193.02426705105782
2011-12-31 14:00:00,164.88319708064975
2011-12-31 15:00:00,187.8533480164197
2011-12-31 16:00:00,177.60599416463089
2011-12-31 17:00:00,165.99962480425563
2011-12-31 18:00:00,171.11963479976075
2011-12-31 19:00:00,183.08379898236458
2011-12-31 20:00:00,191.55937980084113
2011-12-31 21:00:00,184.50346844692942
2011-12-31 22:00:00,176.35645447627405
2011-12-31 23:00:00,165.49856905027883
2012-01-20 00:00:00,60.86104423297581
2012-01-20 01:00:00,61.990469690462184
2012-01-20 02:00:00,64.86022244170066
2012-01-20 03:00:00,62.472713272978154
2012-01-20 04:00:00,57.98396709525022
2012-01-20 05:00:00,60.66824501619841
2012-01-20 06:00:00,62.36412072291541
2012-01-20 07:00:00,58.19155476953577
2012-01-20 08:00:00,64.82999467902368
2012-01-20 09:00:00,82.07585744763686
2012-01-20 10:00:00,96.58643560620835
2012-01-20 11:00:00,110.47666821966199
2012-01-20 12:00:00,112.22357094691144
2012-01-20 13:00:00,117.14724779213734
2012-01-20 14:00:00,128.35424434523702
2012-01-20 15:00:00,134.99900531531935
2012-01-20 16:00:00,132.91322815871106
2012-01-20 17:00:00,158.42522107893356
2012-01-20 18:00:00,152.33523596967
2012-01-20 19:00:00,154.75469587725897
2012-01-20 20:00:00,166.76595057824207
2012-01-20 21:00:00,168.78675477527324
2012-01-20 22:00:00,171.57873151254708
2012-01-20 23:00:00,90.14602040116756
2012-01-21 00:00:00,31.865009460963357
2012-01-21 01:00:00,25.146642195455637
2012-01-21 02:00:00,29.29207665785955
2012-01-21 03:00:00,27.25117475360434
2012-01-21 04:00:00,31.78829074646738
2012-01-21 05:00:00,32.35618366911889
2012-01-21 06:00:00,30.827083688925217
2012-01-21 07:00:00,32.25417576728326
2012-01-21 08:00:00,44.98613244626838
2012-01-21 09:00:00,47.06869574994861
2012-01-21 10:00:00,36.614771872977094
2012-01-21 11:00:00,60.76732412917046
2012-01-21 12:00:00,68.9651114099784
2012-01-21 13:00:00,71.52899576249476
2012-01-21 14:00:00,54.82082000953656
2012-01-21 15:00:00,57.35866493687908
2012-01-21 16:00:00,80.29990883520314
2012-01-21 17:00:00,85.91423412450563
2012-01-21 18:00:00,95.00712469877624
2012-01-21 19:00:00,88.37098496605029
2012-01-21 20:00:00,93.29159463701417
2012-01-21 21:00:00,94.09224488123549
2012-01-21 22:00:00,109.14267259014365
2012-01-21 23:00:00,102.41860992960207
2012-01-22 00:00:00,32.75388155369254
2012-01-22 01:00:00,42.19596665998635
2012-01-22 02:00:00,43.985745868490554
2012-01-22 03:00:00,48.641057972306136
2012-01-22 04:00:00,31.47618873810718
2012-01-22 05:00:00,35.768975074266294
2012-01-22 06:00:00,50.33723328494057
2012-01-22 07:00:00,52.66751751137898
2012-01-22 08:00:00,55.105678635724146
2012-01-22 09:00:00,57.656710651828774
2012-01-22 10:00:00,59.35776969091181
2012-01-22 11:00:00,44.23921951602594
2012-01-22 12:00:00,61.79670634451503
2012-01-22 13:00:00,67.29529675355236
2012-01-22 14:00:00,68.76816751168803
2012-01-22 15:00:00,70.25707319686099
2012-01-22 16:00:00,73.50951554981313
2012-01-22 17:00:00,80.05229123499021
2012-01-22 18:00:00,58.27105498420556
2012-01-22 19:00:00,60.968623194181895
2012-01-22 20:00:00,62.767394341762405
2012-01-22 21:00:00,66.74417995091262
2012-01-22 22:00:00,89.35257555088681
2012-01-22 23:00:00,90.94884556366411
2012-01-23 00:00:00,38.26808922940296
2012-01-23 01:00:00,38.613297778588205
2012-01-23 02:00:00,40.4008405748891
2012-01-23 03:00:00,43.83260667920231
2012-01-23 04:00:00,50.567529592968754
2012-01-23 05:00:00,49.50854808643911
2012-01-23 06:00:00,51.800469615511545
2012-01-23 07:00:00,40.295622125605796
2012-01-23 08:00:00,39.70151473859959
2012-01-23 09:00:00,57.0070201576603
2012-01-23 10:00:00,57.450678407025016
2012-01-23 11:00:00,57.75409609085108
2012-01-23 12:00:00,64.87669807097195
2012-01-23 13:00:00,50.02912500287971
2012-01-23 14:00:00,50.479169541420696
2012-01-23 15:00:00,64.19517709471937
2012-01-23 16:00:00,76.10446609858798
2012-01-23 17:00:00,78.29900313605172
2012-01-23 18:00:00,82.69540184617637
2012-01-23 19:00:00,89.93868679991489
2012-01-23 20:00:00,87.08582811968667
2012-01-23 21:00:00,90.98015072498407
2012-01-23 22:00:00,95.19193584541993
2012-01-23 23:00:00,112.28723522043607
2012-01-24 00:00:00,38.62436276491571
2012-01-24 01:00:00,44.711389316450195
2012-01-24 02:00:00,46.43513350135653
2012-01-24 03:00:00,50.56687117503575
2012-01-24 04:00:00,46.939991157227205
2012-01-24 05:00:00,49.11300532277868
2012-01-24 06:00:00,56.99028234146956
2012-01-24 07:00:00,60.60104453820721
2012-01-24 08:00:00,63.40647600468643
2012-01-24 09:00:00,70.11238127741554
2012-01-24 10:00:00,63.40974490402419
2012-01-24 11:00:00,71.69552127853494
2012-01-24 12:00:00,75.57555216816078
2012-01-24 13:00:00,79.07420526506282
2012-01-24 14:00:00,92.59127045654263
2012-01-24 15:00:00,130.7404326902114
2012-01-24 16:00:00,125.4239474097956
2012-01-24 17:00:00,139.93073360025872
2012-01-24 18:00:00,150.00909802613518
2012-01-24 19:00:00,188.6757767450961
2012-01-24 20:00:00,121.42218436099844
2012-01-24 21:00:00,142.90635243312164
2012-01-24 22:00:00,125.76723417819115
2012-01-24 23:00:00,139.0780401216356
2012-01-25 00:00:00,37.056289672349465
2012-01-25 01:00:00,51.266323183962506
2012-01-25 02:00:00,51.602887586665524
2012-01-25 03:00:00,49.522596088607926
2012-01-25 04:00:00,54.27691322800222
2012-01-25 05:00:00,56.789578833579284
2012-01-25 06:00:00,54.897465707275146
2012-01-25 07:00:00,56.181170723986135
2012-01-25 08:00:00,62.59026784079168
2012-01-25 09:00:00,65.48778731812033
2012-01-25 10:00:00,75.56924189692083
2012-01-25 11:00:00,95.18737755321867
2012-01-25 12:00:00,109.29513714361492
2012-01-25 13:00:00,119.53205395522224
2012-01-25 14:00:00,127.60753138362531
2012-01-25 15:00:00,143.65416368769064
2012-01-25 16:00:00,131.9625387382423
2012-01-25 17:00:00,142.45577079140654
2012-01-25 18:00:00,124.17216791153272
2012-01-25 19:00:00,167.1671618082478
2012-01-25 20:00:00,141.36536787717722
2012-01-25 21:00:00,139.07794636231026
2012-01-25 22:00:00,144.25197798799357
2012-01-25 23:00:00,159.78127572795887
2012-01-26 00:00:00,48.715453126117815
2012-01-26 01:00:00,52.85348685055428
2012-01-26 02:00:00,52.4636679626741
2012-01-26 03:00:00,57.345764044837885
2012-01-26 04:00:00,55.922554306125036
2012-01-26 05:00:00,65.01247829157481
2012-01-26 06:00:00,62.01491090750049
2012-01-26 07:00:00,64.30878683496191
2012-01-26 08:00:00,67.28586248658968
2012-01-26 09:00:00,73.27287085674371
2012-01-26 10:00:00,74.48490998373373
2012-01-26 11:00:00,74.68401455161765
2012-01-26 12:00:00,86.78361802780034
2012-01-26 13:00:00,111.1110385955832
2012-01-26 14:00:00,123.1106551640279
2012-01-26 15:00:00,132.87268542428265
2012-01-26 16:00:00,134.27345674779966
2012-01-26 17:00:00,141.72082621713903
2012-01-26 18:00:00,148.2815722959351
2012-01-26 19:00:00,146.05809493928413
2012-01-26 20:00:00,144.06519052060332
2012-01-26 21:00:00,159.8941760726088
2012-01-26 22:00:00,140.15805298576402
2012-01-26 23:00:00,159.58260665160017
2012-01-27 00:00:00,60.03582157502021
2012-01-27 01:00:00,58.99313104301488
2012-01-27 02:00:00,53.228622273534135
2012-01-27 03:00:00,62.575341610358976
2012-01-27 04:00:00,59.612537089679606
2012-01-27 05:00:00,69.2721273135592
2012-01-27 06:00:00,67.82143548950715
2012-01-27 07:00:00,70.43437888881401
2012-01-27 08:00:00,70.61734101857994
2012-01-27 09:00:00,73.88646141216837
2012-01-27 10:00:00,63.6971742435831
2012-01-27 11:00:00,95.08505685995834
2012-01-27 12:00:00,110.49259914086724
2012-01-27 13:00:00,158.5846455324537
2012-01-27 14:00:00,177.3496846006313
2012-01-27 15:00:00,177.831067125502
2012-01-27 16:00:00,184.8495790931858
2012-01-27 17:00:00,190.9586778840028
2012-01-27 18:00:00,189.41299842087247
2012-01-27 19:00:00,165.220638910702
2012-01-27 20:00:00,155.95418761106959
2012-01-27 21:00:00,164.7911193231524
2012-01-27 22:00:00,179.79180219226595
2012-01-27 23:00:00,183.72227000882822
2012-01-28 00:00:00,60.7537017318724
2012-01-28 01:00:00,63.648954955996984
2012-01-28 02:00:00,58.50795156604121
2012-01-28 03:00:00,60.684587040424844
2012-01-28 04:00:00,60.77748459149257
2012-01-28 05:00:00,52.87012517224798
2012-01-28 06:00:00,60.850936661953845
2012-01-28 07:00:00,58.38581561766708
2012-01-28 08:00:00,53.835763066341784
2012-01-28 09:00:00,60.47513132888795
2012-01-28 10:00:00,73.08688303127639
2012-01-28 11:00:00,95.02995301768506
2012-01-28 12:00:00,94.65580338116298
2012-01-28 13:00:00,109.3597312858469
2012-01-28 14:00:00,149.38940421837032
2012-01-28 15:00:00,164.25210291314448
2012-01-28 16:00:00,184.62840108865825
2012-01-28 17:00:00,194.62015352383716
2012-01-28 18:00:00,202.066363404568
2012-01-28 19:00:00,248.3839406742197
2012-01-28 20:00:00,238.7422866836817
2012-01-28 21:00:00,226.72079437398722
2012-01-28 22:00:00,215.4455346752251
2012-01-28 23:00:00,225.90558506250292
2012-01-29 00:00:00,73.86771195555798
2012-01-29 01:00:00,81.86605154558103
2012-01-29 02:00:00,84.26764036330835
2012-01-29 03:00:00,83.39777730920882
2012-01-29 04:00:00,81.32015028969188
2012-01-29 05:00:00,63.5023350794074
2012-01-29 06:00:00,76.85581031123648
2012-01-29 07:00:00,81.17117540893501
2012-01-29 08:00:00,79.64275077649083
2012-01-29 09:00:00,80.60783030546055
2012-01-29 10:00:00,101.16721962230008
2012-01-29 11:00:00,124.48152186816102
2012-01-29 12:00:00,141.7215374591388
2012-01-29 13:00:00,148.28231646378129
2012-01-29 14:00:00,156.30319014635856
2012-01-29 15:00:00,177.30749505741989
2012-01-29 16:00:00,200.51398161860638
2012-01-29 17:00:00,209.7964657372952
2012-01-29 18:00:00,198.75288754245616
2012-01-29 19:00:00,189.58887489682417
2012-01-29 20:00:00,170.87547305558988
2012-01-29 21:00:00,193.927348379893
2012-01-29 22:00:00,225.03712956745332
2012-01-29 23:00:00,208.07431658725338
2012-01-30 00:00:00,90.60476050186439
2012-01-30 01:00:00,52.27769162257032
2012-01-30 02:00:00,60.54581636336225
2012-01-30 03:00:00,62.73988308980306
2012-01-30 04:00:00,60.637046326431715
2012-01-30 05:00:00,63.44414443991844
2012-01-30 06:00:00,73.89569739152752
2012-01-30 07:00:00,77.894797800822
2012-01-30 08:00:00,75.29950175501668
2012-01-30 09:00:00,78.78537552573265
2012-01-30 10:00:00,92.23409733437691
2012-01-30 11:00:00,102.07385064777411
2012-01-30 12:00:00,114.26901874959981
2012-01-30 13:00:00,134.87495368095486
2012-01-30 14:00:00,164.93985706368184
2012-01-30 15:00:00,169.806115155607
2012-01-30 16:00:00,181.2532853155011
2012-01-30 17:00:00,204.5244851033814
2012-01-30 18:00:00,201.36451738362447
2012-01-30 19:00:00,157.7334937466515
2012-01-30 20:00:00,173.50315412610604
2012-01-30 21:00:00,175.60559710586588
2012-01-30 22:00:00,163.9627276445833
2012-01-30 23:00:00,144.5393758717373
2012-01-31 00:00:00,58.393286810496114
2012-01-31 01:00:00,69.01441324644294
2012-01-31 02:00:00,73.13005998688823
2012-01-31 03:00:00,74.01622129042907
2012-01-31 04:00:00,73.53846917608946
2012-01-31 05:00:00,76.94281867196719
2012-01-31 06:00:00,74.9200779375878
2012-01-31 07:00:00,70.06966894439745
2012-01-31 08:00:00,73.95786978462213
2012-01-31 09:00:00,89.19891922662964
2012-01-31 10:00:00,101.73846005056403
2012-01-31 11:00:00,151.2605130314973
2012-01-31 12:00:00,148.64370049432875
2012-01-31 13:00:00,181.1041187178562
2012-01-31 14:00:00,223.6690476876278
2012-01-31 15:00:00,265.31097505057835
2012-01-31 16:00:00,277.5931355889152
2012-01-31 17:00:00,288.28791292730057
2012-01-31 18:00:00,303.83247425456557
2012-01-31 19:00:00,277.3480654354005
2012-01-31 20:00:00,172.2928028078565
2012-01-31 21:00:00,273.93792652335776
2012-01-31 22:00:00,271.7716117694684
2012-01-31 23:00:00,272.0112009671057
2012-02-20 00:00:00,38.211217716733856
2012-02-20 01:00:00,39.98014683952192
2012-02-20 02:00:00,41.83096579541201
2012-02-20 03:00:00,45.105784422592315
2012-02-20 05:00:00,62.90582806093132
2012-02-20 06:00:00,65.36292872218888
2012-02-20 07:00:00,70.03641475003153
2012-02-20 08:00:00,63.233803824549994
2012-02-20 09:00:00,66.16111480320349
2012-02-20 10:00:00,76.34116780314692
2012-02-20 11:00:00,89.83193324591886
2012-02-20 12:00:00,103.16247675011789
2012-02-20 13:00:00,116.85154007742833
2012-02-20 14:00:00,135.98746520557518
2012-02-20 15:00:00,146.5558635475018
2012-02-20 16:00:00,178.19585411656175
2012-02-20 17:00:00,204.07941179643842
2012-02-20 18:00:00,167.86637777756403
2012-02-20 19:00:00,175.63749165802122
2012-02-20 20:00:00,188.1574855503619
2012-02-20 21:00:00,173.72009103293306
2012-02-20 22:00:00,172.25075095635816
2012-02-20 23:00:00,194.28965804624386
2012-02-21 00:00:00,50.52102863860149
2012-02-21 01:00:00,58.397367809617855
2012-02-21 02:00:00,56.6669946190346
2012-02-21 04:00:00,57.521642654578415
2012-02-21 05:00:00,55.20274559736125
2012-02-21 06:00:00,54.04669373625956
2012-02-21 07:00:00,65.88579646361134
2012-02-21 08:00:00,60.7512645036836
2012-02-21 09:00:00,59.70026535383292
2012-02-21 10:00:00,67.50766011028867
2012-02-21 11:00:00,80.65603218086706
2012-02-21 12:00:00,107.63833659909879
2012-02-21 13:00:00,120.53503473923001
2012-02-21 14:00:00,125.68180128134901
2012-02-21 15:00:00,131.9533167642926
2012-02-21 16:00:00,151.90035399515352
2012-02-21 17:00:00,193.82867377641622
2012-02-21 18:00:00,202.80167192623276
2012-02-21 19:00:00,168.8876020175013
2012-02-21 20:00:00,156.7703284461315
2012-02-21 21:00:00,151.44611057914992
2012-02-21 22:00:00,154.7065420205153
2012-02-21 23:00:00,149.59804585807953
2012-02-22 00:00:00,52.831782439631326
2012-02-22 01:00:00,55.04078398070823
2012-02-22 02:00:00,60.5673989573319
2012-02-22 03:00:00,63.9501078468601
2012-02-22 04:00:00,62.81645418823951
2012-02-22 05:00:00,65.47472232958462
2012-02-22 06:00:00,63.07486413829292
2012-02-22 07:00:00,66.8225644280638
2012-02-22 08:00:00,68.53266039710779
2012-02-22 09:00:00,78.17631694884028
2012-02-22 10:00:00,83.46359402417774
2012-02-22 11:00:00,94.0289072350133
2012-02-22 12:00:00,120.00279215040048
2012-02-22 13:00:00,142.03781391826087
2012-02-22 14:00:00,154.47889694642961
2012-02-22 15:00:00,234.0615729991529
2012-02-22 16:00:00,261.229851876283
2012-02-22 17:00:00,259.5257942433734
2012-02-22 18:00:00,246.31474442720554
2012-02-22 19:00:00,238.94460508078177
2012-02-22 20:00:00,229.26886570702473
2012-02-22 21:00:00,304.83351931474164
2012-02-22 22:00:00,254.74922097366
2012-02-22 23:00:00,296.0286766820487
2012-02-23 00:00:00,94.13165926016936
2012-02-23 01:00:00,87.85013178063708
2012-02-23 02:00:00,86.63734195034353
2012-02-23 03:00:00,63.293038827047035
2012-02-23 04:00:00,70.50134490869958
2012-02-23 05:00:00,73.7650954420962
2012-02-23 06:00:00,59.87715251977189
2012-02-23 07:00:00,67.452103114695
2012-02-23 08:00:00,63.531963070745455
2012-02-23 09:00:00,72.10271266766746
2012-02-23 10:00:00,104.625318130006
2012-02-23 11:00:00,151.69380751491704
2012-02-23 12:00:00,173.6669514667336
2012-02-23 13:00:00,190.9450147028448
2012-02-23 14:00:00,213.90133519683997
2012-02-23 15:00:00,227.07823040174625
2012-02-23 16:00:00,239.65641377541039
2012-02-23 17:00:00,253.23621817397853
2012-02-23 18:00:00,248.83185989266758
2012-02-23 19:00:00,236.56759709825232
2012-02-23 20:00:00,222.50831211664803
2012-02-23 21:00:00,213.5783288597068
2012-02-23 22:00:00,217.77756479289263
2012-02-23 23:00:00,213.90014701700727
2012-02-24 00:00:00,80.00076097911307
2012-02-24 01:00:00,75.92217706279736
2012-02-24 02:00:00,53.67203185488067
2012-02-24 03:00:00,63.60464604721412
2012-02-24 04:00:00,61.04052201080712
2012-02-24 05:00:00,70.17455686978649
2012-02-24 06:00:00,72.87997457614631
2012-02-24 07:00:00,87.41884955638632
2012-02-24 08:00:00,90.98960216535536
2012-02-24 09:00:00,58.03225278866488
2012-02-24 10:00:00,61.26508960748858
2012-02-24 11:00:00,87.62372526206595
2012-02-24 12:00:00,107.19537727811671
2012-02-24 13:00:00,121.37484791018663
2012-02-24 14:00:00,141.27804697744997
2012-02-24 15:00:00,82.03239828566798
2012-02-24 16:00:00,85.82996106985844
2012-02-24 17:00:00,83.83795582883062
2012-02-24 18:00:00,114.95145574454757
2012-02-24 19:00:00,136.11248561152894
2012-02-24 20:00:00,189.67752348215336
2012-02-24 21:00:00,285.6910591402814
2012-02-24 22:00:00,268.0513428446608
2012-02-24 23:00:00,279.0002976371033
2012-02-25 00:00:00,75.63074532260623
2012-02-25 01:00:00,74.62101632075597
2012-02-25 02:00:00,73.58394863361636
2012-02-25 03:00:00,73.15136539495312
2012-02-25 04:00:00,79.7139382587752
2012-02-25 05:00:00,89.61880361728656
2012-02-25 06:00:00,93.76756728253395
2012-02-25 07:00:00,85.49315720351579
2012-02-25 08:00:00,80.8199244097205
2012-02-25 09:00:00,47.78156652330955
2012-02-25 10:00:00,78.6314192068581
2012-02-25 11:00:00,117.68613820445414
2012-02-25 12:00:00,143.47913632100818
2012-02-25 13:00:00,145.42306759257272
2012-02-25 14:00:00,153.033572546572
2012-02-25 15:00:00,159.7651597476748
2012-02-25 16:00:00,174.48257138213722
2012-02-25 17:00:00,159.77999715503884
2012-02-25 18:00:00,181.1162783547074
2012-02-25 19:00:00,157.90689887714828
2012-02-25 20:00:00,175.2973564577353
2012-02-25 21:00:00,164.12379974892517
2012-02-25 22:00:00,166.51371249049382
2012-02-25 23:00:00,166.66050812713686
2012-02-26 00:00:00,59.81744220977365
2012-02-26 01:00:00,60.094378119954925
2012-02-26 02:00:00,62.876354249589575
2012-02-26 03:00:00,67.85696294196309
2012-02-26 04:00:00,70.99829590920382
2012-02-26 05:00:00,70.16795542736494
2012-02-26 06:00:00,73.04909106365581
2012-02-26 07:00:00,68.04623285637132
2012-02-26 08:00:00,72.6415646323236
2012-02-26 09:00:00,81.34489867270227
2012-02-26 10:00:00,98.40256834438901
2012-02-26 11:00:00,106.06729121764218
2012-02-26 12:00:00,120.0166981018683
2012-02-26 13:00:00,133.61220320900472
2012-02-26 14:00:00,152.4449545752183
2012-02-26 15:00:00,163.07281946834377
2012-02-26 16:00:00,170.40888814372815
2012-02-26 17:00:00,182.5982682724973
2012-02-26 18:00:00,174.308454734295
2012-02-26 19:00:00,186.70330400841044
2012-02-26 20:00:00,173.3240687216919
2012-02-26 21:00:00,168.76336719297007
2012-02-26 22:00:00,180.9523454150587
2012-02-26 23:00:00,150.10300539651112
2012-02-27 00:00:00,50.21580258160247
2012-02-27 01:00:00,50.91048975057969
2012-02-27 02:00:00,48.24297159169579
2012-02-27 03:00:00,47.64337864580108
2012-02-27 04:00:00,45.38330873387244
2012-02-27 05:00:00,47.48425869843413
2012-02-27 06:00:00,57.17416047983023
2012-02-27 07:00:00,66.32899543176052
2012-02-27 08:00:00,67.70377772309935
2012-02-27 09:00:00,76.7073676279446
2012-02-27 10:00:00,105.58761828819675
2012-02-27 11:00:00,120.21093071388046
2012-02-27 12:00:00,158.85158866439488
2012-02-27 13:00:00,154.94855438625663
2012-02-27 14:00:00,192.3280386381241
2012-02-27 15:00:00,258.0780397538059
2012-02-27 16:00:00,277.5931355889152
2012-02-27 17:00:00,296.9458412820535
2012-02-27 18:00:00,289.1322620009368
2012-02-27 19:00:00,284.66507747678827
2012-02-27 20:00:00,274.1797044591948
2012-02-27 21:00:00,264.0080385875964
2012-02-27 22:00:00,243.26981626010996
2012-02-27 23:00:00,225.75379522910538
2012-02-28 00:00:00,75.70744181748371
2012-02-28 01:00:00,68.62863493631275
2012-02-28 02:00:00,79.75061647331951
2012-02-28 03:00:00,113.39876231673838
2012-02-28 04:00:00,82.78220061344284
2012-02-28 05:00:00,86.61447433471389
2012-02-28 06:00:00,84.3374765791389
2012-02-28 07:00:00,84.90861385907021
2012-02-28 08:00:00,82.98400025934951
2012-02-28 09:00:00,94.34514000776818
2012-02-28 10:00:00,103.71017368675058
2012-02-28 11:00:00,125.92442009765976
2012-02-28 12:00:00,139.16159195736108
2012-02-28 13:00:00,152.4226482236145
2012-02-28 14:00:00,183.05068769065562
2012-02-28 15:00:00,201.23984123819378
2012-02-28 16:00:00,205.94557019000163
2012-02-28 17:00:00,220.3032883671357
2012-02-28 18:00:00,229.68504762890194
2012-02-28 19:00:00,235.8475827872055
2012-02-28 20:00:00,236.64773990961268
2012-02-28 21:00:00,181.75479146733946
2012-02-28 22:00:00,190.16884794196616
2012-02-28 23:00:00,172.75218036551243
2012-02-29 00:00:00,63.028037392236094
2012-02-29 01:00:00,68.93143613847113
2012-02-29 02:00:00,62.63121023698119
2012-02-29 03:00:00,55.98758359898521
2012-02-29 05:00:00,56.21790141727641
2012-02-29 06:00:00,65.68434355390829
2012-02-29 07:00:00,61.100580398845366
2012-02-29 08:00:00,69.96724944177174
2012-02-29 09:00:00,53.32381918618052
2012-02-29 10:00:00,55.792362779739186
2012-02-29 11:00:00,53.34842681120053
2012-02-29 12:00:00,55.71363297139823
2012-02-29 13:00:00,84.06819803600234
2012-02-29 14:00:00,87.96000501552903
2012-02-29 15:00:00,119.24738282805961
2012-02-29 16:00:00,91.39285741312013
2012-02-29 17:00:00,119.89381724679356
2012-02-29 18:00:00,89.52640323345749
2012-02-29 19:00:00,129.3132517759688
2012-02-29 20:00:00,104.16145161807782
2012-02-29 21:00:00,108.9834446413048
2012-02-29 22:00:00,109.10753025770921
2012-02-29 23:00:00,114.15849432849882
2012-03-20 00:00:00,77.2914155804666
2012-03-20 01:00:00,63.398559013031075
2012-03-20 02:00:00,67.8311933501718
2012-03-20 03:00:00,75.13349042979762
2012-03-20 04:00:00,78.78530446210401
2012-03-20 05:00:00,74.59670534571504
2012-03-20 06:00:00,81.3098149565162
2012-03-20 07:00:00,64.19894770249215
2012-03-20 08:00:00,93.72042983828278
2012-03-20 09:00:00,102.68911835882474
2012-03-20 10:00:00,99.98980947589453
2012-03-20 11:00:00,115.94404964592565
2012-03-20 12:00:00,140.5799858275185
2012-03-20 13:00:00,144.91596510128832
2012-03-20 14:00:00,177.6298869961453
2012-03-20 15:00:00,197.47616826272582
2012-03-20 16:00:00,203.2661672643177
2012-03-20 17:00:00,189.34523001028114
2012-03-20 18:00:00,210.1835293051316
2012-03-20 19:00:00,186.01656047973728
2012-03-20 20:00:00,203.4254108308818
2012-03-20 21:00:00,190.87485568235812
2012-03-20 22:00:00,185.21904026776687
2012-03-20 23:00:00,175.75925553886802
2012-03-21 00:00:00,71.75188681592785
2012-03-21 01:00:00,81.13737286643133
2012-03-21 02:00:00,78.7224289078851
2012-03-21 03:00:00,90.50236436945978
2012-03-21 04:00:00,93.29377435448163
2012-03-21 05:00:00,97.61266509630147
2012-03-21 06:00:00,94.73808986500413
2012-03-21 07:00:00,73.1497754055492
2012-03-21 08:00:00,74.84809684081385
2012-03-21 09:00:00,117.85716579675184
2012-03-21 10:00:00,134.46923151282127
2012-03-21 11:00:00,140.69427624982256
2012-03-21 12:00:00,155.80487758982986
2012-03-21 13:00:00,152.5420232379794
2012-03-21 14:00:00,174.00715932476632
2012-03-21 15:00:00,182.06255117291488
2012-03-21 16:00:00,191.88471852778633
2012-03-21 17:00:00,235.59686124550618
2012-03-21 18:00:00,241.0607165595552
2012-03-21 19:00:00,275.0384254071961
2012-03-21 20:00:00,215.64408872557556
2012-03-21 21:00:00,207.72054010258512
2012-03-21 22:00:00,213.80499174606467
2012-03-21 23:00:00,236.76770267427423
2012-03-22 00:00:00,77.54743453063548
2012-03-22 01:00:00,81.13737286643133
2012-03-22 02:00:00,84.8935018355192
2012-03-22 03:00:00,88.82351497578468
2012-03-22 04:00:00,78.31384238366961
2012-03-22 05:00:00,81.93926038361057
2012-03-22 06:00:00,85.7325114929258
2012-03-22 07:00:00,89.70136528538637
2012-03-22 08:00:00,103.46278798445955
2012-03-22 09:00:00,108.2524374572217
2012-03-22 10:00:00,105.98542282892761
2012-03-22 11:00:00,119.57049074773373
2012-03-22 12:00:00,144.77488975989755
2012-03-22 13:00:00,162.0835304644896
2012-03-22 14:00:00,197.51106481754027
2012-03-22 15:00:00,227.89594253106475
2012-03-22 16:00:00,249.24137350232445
2012-03-22 17:00:00,267.0147376203746
2012-03-22 18:00:00,279.3757712072068
2012-03-22 19:00:00,293.29351676820215
2012-03-22 20:00:00,270.95350739015856
2012-03-22 21:00:00,237.1593207277127
2012-03-22 22:00:00,229.24784131304207
2012-03-22 23:00:00,233.70097982858235
2012-03-23 00:00:00,80.71110849016716
2012-03-23 01:00:00,77.45736358085549
2012-03-23 02:00:00,82.87294675526688
2012-03-23 03:00:00,84.3534591966859
2012-03-23 04:00:00,86.65280713032689
2012-03-23 05:00:00,88.33383641308883
2012-03-23 06:00:00,98.77013637838665
2012-03-23 07:00:00,101.10569970825817
2012-03-23 08:00:00,104.62166731792745
2012-03-23 09:00:00,116.7464269850241
2012-03-23 10:00:00,133.40959028956004
2012-03-23 11:00:00,186.6715245163518
2012-03-23 12:00:00,244.57139870941415
2012-03-23 13:00:00,297.4326526939971
2012-03-23 14:00:00,341.34713004537804
2012-03-23 15:00:00,359.8112482038848
2012-03-23 16:00:00,379.28357691521614
2012-03-23 17:00:00,396.84192247683166
2012-03-23 18:00:00,359.67876407439445
2012-03-23 19:00:00,347.6801163757195
2012-03-23 20:00:00,370.50589269394646
2012-03-23 21:00:00,360.06308585297273
2012-03-23 22:00:00,338.1000615422004
2012-03-23 23:00:00,321.99530428258714
2012-03-24 00:00:00,98.4056365506435
2012-03-24 01:00:00,96.55096587605982
2012-03-24 02:00:00,94.03857017225431
2012-03-24 03:00:00,98.3919400825308
2012-03-24 04:00:00,93.0207019081724
2012-03-24 05:00:00,107.33800984589111
2012-03-24 06:00:00,112.30705671076925
2012-03-24 07:00:00,106.95752237877738
2012-03-24 08:00:00,106.28709949428848
2012-03-24 09:00:00,127.68261563753823
2012-03-24 10:00:00,128.29463670232832
2012-03-24 11:00:00,121.74218052221961
2012-03-24 12:00:00,98.44120421344064
2012-03-24 13:00:00,103.76607694935896
2012-03-24 14:00:00,119.086631013483
2012-03-24 15:00:00,114.69813401844617
2012-03-24 16:00:00,116.48991336166873
2012-03-24 17:00:00,127.85379630307465
2012-03-24 18:00:00,117.61416771205062
2012-03-24 19:00:00,120.34182202740793
2012-03-24 20:00:00,115.93090897467783
2012-03-24 21:00:00,121.2977507915715
2012-03-24 22:00:00,128.81517364772557
2012-03-24 23:00:00,195.17793464713606
2012-03-25 00:00:00,68.92869570018621
2012-03-25 01:00:00,64.92273995211937
2012-03-25 02:00:00,51.07040364187559
2012-03-25 03:00:00,57.104173637587955
2012-03-25 04:00:00,80.96298132466418
2012-03-25 05:00:00,75.42656058013056
2012-03-25 06:00:00,78.91831634230032
2012-03-25 07:00:00,89.90015684648556
2012-03-25 08:00:00,94.06194532357257
2012-03-25 09:00:00,96.6013922946557
2012-03-25 10:00:00,111.26883294291332
2012-03-25 11:00:00,105.75244073148896
2012-03-25 12:00:00,109.82948144834933
2012-03-25 13:00:00,124.80824845193217
2012-03-25 14:00:00,134.7325946010531
2012-03-25 15:00:00,142.02053795122933
2012-03-25 16:00:00,157.219982412494
2012-03-25 17:00:00,183.39264833395856
2012-03-25 18:00:00,191.88252685466082
2012-03-25 19:00:00,209.1452149857623
2012-03-25 20:00:00,199.22890977954285
2012-03-25 21:00:00,205.3738273398543
2012-03-25 22:00:00,195.59123332996455
2012-03-25 23:00:00,211.14401231193736
2012-03-26 00:00:00,81.25178719767966
2012-03-26 01:00:00,80.30174939963874
2012-03-26 02:00:00,75.63670622328956
2012-03-26 03:00:00,83.94510442717348
2012-03-26 04:00:00,84.51569054048095
2012-03-26 05:00:00,93.46056368897264
2012-03-26 06:00:00,90.34278057406065
2012-03-26 07:00:00,108.94264819728926
2012-03-26 08:00:00,128.2809950701267
2012-03-26 09:00:00,165.9112339809986
2012-03-26 10:00:00,224.79061898085095
2012-03-26 11:00:00,240.98092770944874
2012-03-26 12:00:00,242.97432943953717
2012-03-26 13:00:00,276.83038337278487
2012-03-26 14:00:00,261.09235211371885
2012-03-26 15:00:00,297.46555958672667
2012-03-26 16:00:00,327.7600586925195
2012-03-26 17:00:00,320.2184670603299
2012-03-26 18:00:00,317.6861634889894
2012-03-26 19:00:00,322.10271305051407
2012-03-26 20:00:00,332.9017880443207
2012-03-26 21:00:00,338.817216523192
2012-03-26 22:00:00,302.6635148134673
2012-03-26 23:00:00,300.49302318405915
2012-03-27 00:00:00,104.95333098663734
2012-03-27 01:00:00,104.86078073834236
2012-03-27 02:00:00,91.77359291541958
2012-03-27 03:00:00,96.74021243381885
2012-03-27 04:00:00,96.67064601129223
2012-03-27 05:00:00,93.9371386838477
2012-03-27 06:00:00,99.16767892562493
2012-03-27 07:00:00,103.75849297900736
2012-03-27 08:00:00,107.9966625658596
2012-03-27 09:00:00,112.33708750099117
2012-03-27 10:00:00,130.28590384555253
2012-03-27 11:00:00,154.12362266967273
2012-03-27 12:00:00,166.37903206851087
2012-03-27 13:00:00,185.89801745383815
2012-03-27 14:00:00,235.510187344001
2012-03-27 15:00:00,256.9483185206275
2012-03-27 16:00:00,268.8433428313424
2012-03-27 17:00:00,303.3602738308528
2012-03-27 18:00:00,311.11818130234326
2012-03-27 19:00:00,318.33349274248457
2012-03-27 20:00:00,340.5904019303143
2012-03-27 21:00:00,248.99896511305914
2012-03-27 22:00:00,258.59210034575574
2012-03-27 23:00:00,274.61833457412393
2012-03-28 00:00:00,92.98160330358657
2012-03-28 01:00:00,91.37301808610688
2012-03-28 02:00:00,86.89334358816899
2012-03-28 03:00:00,98.97565260095055
2012-03-28 04:00:00,108.19346197469456
2012-03-28 05:00:00,113.20211067050647
2012-03-28 06:00:00,116.29104492408639
2012-03-28 07:00:00,120.77437714679641
2012-03-28 08:00:00,144.20428603893689
2012-03-28 09:00:00,164.56089641197414
2012-03-28 10:00:00,191.8264006889848
2012-03-28 11:00:00,209.69681958785728
2012-03-28 12:00:00,259.4364557840635
2012-03-28 13:00:00,245.6229250240125
2012-03-28 14:00:00,329.8923519205854
2012-03-28 15:00:00,356.1144717985999
2012-03-28 16:00:00,257.2121586088259
2012-03-28 17:00:00,277.6815232272429
2012-03-28 18:00:00,290.53635912747905
2012-03-28 19:00:00,325.3380058764846
2012-03-28 20:00:00,349.379450753522
2012-03-28 21:00:00,295.9791383243587
2012-03-28 22:00:00,278.73220932744266
2012-03-28 23:00:00,270.47309148595645
2012-03-29 00:00:00,96.95142041330024
2012-03-29 01:00:00,112.64023541521136
2012-03-29 02:00:00,204.48333677119433
2012-03-29 03:00:00,186.78339551874296
2012-03-29 04:00:00,162.88960941818794
2012-03-29 05:00:00,148.41522559256185
2012-03-29 06:00:00,125.88945971550947
2012-03-29 07:00:00,147.71071453332013
2012-03-29 08:00:00,163.9669470158307
2012-03-29 09:00:00,175.05647788535492
2012-03-29 10:00:00,180.84192420673924
2012-03-29 11:00:00,204.35924521209554
2012-03-29 12:00:00,225.18713680380998
2012-03-29 13:00:00,207.85507357203008
2012-03-29 14:00:00,238.405663900576
2012-03-29 15:00:00,266.05319626901644
2012-03-29 16:00:00,285.64033997867136
2012-03-29 17:00:00,296.70085563493484
2012-03-29 18:00:00,290.99957497684517
2012-03-29 19:00:00,294.06735266555296
2012-03-29 20:00:00,302.65261890129415
2012-03-29 21:00:00,286.1895946271723
2012-03-29 22:00:00,290.22276027003807
2012-03-29 23:00:00,294.8322147292998
2012-03-30 00:00:00,100.93870169124747
2012-03-30 01:00:00,98.65073596923516
2012-03-30 02:00:00,88.47466236110587
2012-03-30 03:00:00,81.32845643458134
2012-03-30 04:00:00,94.8624914424244
2012-03-30 05:00:00,88.04649732974174
2012-03-30 06:00:00,97.37177485530567
2012-03-30 07:00:00,99.50291992443829
2012-03-30 08:00:00,94.23706492136026
2012-03-30 09:00:00,112.3645720487874
2012-03-30 10:00:00,133.4540462465308
2012-03-30 11:00:00,146.71756688270472
2012-03-30 12:00:00,156.60826458821964
2012-03-30 13:00:00,131.38468958284432
2012-03-30 14:00:00,131.51286234357954
2012-03-30 15:00:00,141.94114363328754
2012-03-30 16:00:00,141.41859825282663
2012-03-30 17:00:00,196.07788107842478
2012-03-30 18:00:00,212.00484549690785
2012-03-30 19:00:00,198.28435744173234
2012-03-30 20:00:00,204.4001416987814
2012-03-30 21:00:00,196.83076937412363
2012-03-30 22:00:00,178.81162218841354
2012-03-30 23:00:00,191.13572663734507
2012-03-31 00:00:00,64.76019102345232
2012-03-31 01:00:00,80.8778735884592
2012-03-31 02:00:00,87.62399580912866
2012-03-31 03:00:00,77.67929730743063
2012-03-31 04:00:00,92.31084410033235
2012-03-31 05:00:00,84.40872274785922
2012-03-31 06:00:00,78.68008207958259
2012-03-31 07:00:00,82.32245457882333
2012-03-31 08:00:00,86.77543336390812
2012-03-31 09:00:00,116.16031449063847
2012-03-31 10:00:00,119.74310554799415
2012-03-31 11:00:00,132.81156671053563
2012-03-31 12:00:00,146.54425788171105
2012-03-31 13:00:00,188.12530567909434
2012-03-31 14:00:00,199.47806374647155
2012-03-31 15:00:00,226.77248555878785
2012-03-31 16:00:00,220.8261189231819
2012-03-31 17:00:00,203.92089107353587
2012-03-31 18:00:00,207.63984089409678
2012-03-31 19:00:00,195.94589705334062
2012-03-31 20:00:00,208.84724239551534
2012-03-31 21:00:00,218.51550191098247
2012-03-31 22:00:00,217.50828476582205
2012-03-31 23:00:00,191.514948791789
2012-04-20 00:00:00,87.30469998653638
2012-04-20 01:00:00,76.68110454845149
2012-04-20 02:00:00,72.77969811979969
2012-04-20 03:00:00,74.46942745503917
2012-04-20 04:00:00,70.66601312144472
2012-04-20 05:00:00,72.03690509006293
2012-04-20 06:00:00,80.54778586485276
2012-04-20 07:00:00,78.86096002405372
2012-04-20 08:00:00,85.13172717797401
2012-04-20 09:00:00,100.40911339890981
2012-04-20 10:00:00,129.6193704038157
2012-04-20 11:00:00,158.31343723387042
2012-04-20 12:00:00,209.68691696477472
2012-04-20 13:00:00,286.3593554687232
2012-04-20 14:00:00,298.53356651755075
2012-04-20 15:00:00,299.90820945013184
2012-04-20 16:00:00,324.38770696795024
2012-04-20 17:00:00,335.7313768620107
2012-04-20 18:00:00,339.7996376375788
2012-04-20 19:00:00,336.32358785042254
2012-04-20 20:00:00,289.16910364852214
2012-04-20 21:00:00,254.8611358773914
2012-04-20 22:00:00,266.31283344955887
2012-04-20 23:00:00,250.79458255027177
2012-04-21 00:00:00,85.77182733284167
2012-04-21 01:00:00,89.74250119119849
2012-04-21 02:00:00,91.82376848583624
2012-04-21 03:00:00,90.09314759246078
2012-04-21 04:00:00,94.96645800288604
2012-04-21 05:00:00,99.36278304268635
2012-04-21 06:00:00,103.19348528845447
2012-04-21 07:00:00,109.58889707351378
2012-04-21 08:00:00,118.73196480268881
2012-04-21 09:00:00,131.02112787402407
2012-04-21 10:00:00,196.6080599586042
2012-04-21 11:00:00,215.04316015028837
2012-04-21 12:00:00,236.36691606245128
2012-04-21 13:00:00,255.65996357740195
2012-04-21 14:00:00,309.47135546490415
2012-04-21 15:00:00,354.29888503907864
2012-04-21 16:00:00,354.1589975699058
2012-04-21 17:00:00,479.66318909011716
2012-04-21 18:00:00,413.6889398064885
2012-04-21 19:00:00,194.01693662126783
2012-04-21 20:00:00,159.43822748520844
2012-04-21 21:00:00,170.58566321254943
2012-04-21 22:00:00,210.23018977528466
2012-04-21 23:00:00,229.9362207557913
2012-04-22 00:00:00,79.41090907214908
2012-04-22 01:00:00,85.9168845135317
2012-04-22 02:00:00,91.73005856434332
2012-04-22 03:00:00,87.52440195275679
2012-04-22 04:00:00,96.78770759290897
2012-04-22 05:00:00,102.78612158249672
2012-04-22 06:00:00,116.66338718906981
2012-04-22 07:00:00,84.470700426569607
2012-04-22 08:00:00,78.3954122666891
2012-04-22 09:00:00,82.02460641798662
2012-04-22 10:00:00,84.74339548476273
2012-04-22 11:00:00,83.26951359542998
2012-04-22 12:00:00,87.77590784646284
2012-04-22 13:00:00,97.78930398353474
2012-04-22 14:00:00,96.09091827446919
2012-04-22 15:00:00,102.04614877619997
2012-04-22 16:00:00,108.37045443056324
2012-04-22 17:00:00,90.80461098572586
2012-04-22 18:00:00,95.00826976590002
2012-04-22 19:00:00,108.22640313485552
2012-04-22 20:00:00,106.4925411646756
2012-04-22 21:00:00,118.19327809773038
2012-04-22 22:00:00,116.47462061607801
2012-04-22 23:00:00,136.56252489432882
2012-04-23 00:00:00,49.15197933857039
2012-04-23 01:00:00,44.547799331852225
2012-04-23 02:00:00,62.22775409967606
2012-04-23 03:00:00,68.80728245757794
2012-04-23 04:00:00,51.88860689637697
2012-04-23 05:00:00,54.29070956058252
2012-04-23 06:00:00,74.32672064866571
2012-04-23 07:00:00,58.992491160905914
2012-04-23 08:00:00,87.60579494021259
2012-04-23 09:00:00,93.0351602904961
2012-04-23 10:00:00,107.87972594485652
2012-04-23 11:00:00,110.23810817205272
2012-04-23 12:00:00,87.48527752622029
2012-04-23 13:00:00,97.46794756454176
2012-04-23 14:00:00,111.63027905840413
2012-04-23 15:00:00,159.6579873759908
2012-04-23 16:00:00,88.18840140923943
2012-04-23 17:00:00,90.5800372211742
2012-04-23 18:00:00,103.42196340655725
2012-04-23 19:00:00,152.49063384615334
2012-04-23 20:00:00,157.19397923283012
2012-04-23 21:00:00,153.08645289815905
2012-04-23 22:00:00,160.14770905220422
2012-04-23 23:00:00,166.3218335074074
2012-04-24 00:00:00,65.10532913102818
2012-04-24 01:00:00,64.45142154632168
2012-04-24 02:00:00,61.29330626296434
2012-04-24 03:00:00,62.6219335035499
2012-04-24 04:00:00,71.20987445573013
2012-04-24 05:00:00,74.50642526676752
2012-04-24 06:00:00,78.53857715513385
2012-04-24 07:00:00,89.93192788309157
2012-04-24 08:00:00,101.8462488848382
2012-04-24 09:00:00,153.95721436169265
2012-04-24 10:00:00,163.71155960605216
2012-04-24 11:00:00,222.54200758189305
2012-04-24 12:00:00,245.61585865105212
2012-04-24 13:00:00,265.09191002414764
2012-04-24 14:00:00,289.92122907044177
2012-04-24 15:00:00,312.4449540165054
2012-04-24 16:00:00,309.16935103821305
2012-04-24 17:00:00,354.1921589773901
2012-04-24 18:00:00,340.83658137478943
2012-04-24 19:00:00,379.8877316952339
2012-04-24 20:00:00,379.73774100770737
2012-04-24 21:00:00,370.3276794040489
2012-04-24 22:00:00,316.3680528296483
2012-04-24 23:00:00,309.19697525200957
2012-04-25 00:00:00,110.17521165453928
2012-04-25 01:00:00,108.07842204686388
2012-04-25 02:00:00,81.63676922746212
2012-04-25 03:00:00,72.80102414498333
2012-04-25 04:00:00,82.14798397906975
2012-04-25 05:00:00,86.7042559532293
2012-04-25 06:00:00,90.7180951499364
2012-04-25 07:00:00,89.80693701157138
2012-04-25 08:00:00,90.91225081532868
2012-04-25 09:00:00,134.4217153601491
2012-04-25 10:00:00,205.10388185363695
2012-04-25 11:00:00,226.86966441911483
2012-04-25 12:00:00,265.7009957394733
2012-04-25 13:00:00,288.86006275454105
2012-04-25 14:00:00,326.6668523784427
2012-04-25 15:00:00,347.3459083433125
2012-04-25 16:00:00,411.08062525097404
2012-04-25 17:00:00,426.91824942657297
2012-04-25 18:00:00,445.02636418341007
2012-04-25 19:00:00,455.347213332166
2012-04-25 20:00:00,400.82800886757116
2012-04-25 21:00:00,285.8652182731974
2012-04-25 22:00:00,283.47347735581826
2012-04-25 23:00:00,328.32931940083057
2012-04-26 00:00:00,96.25111610382484
2012-04-26 01:00:00,121.58177510382846
2012-04-26 02:00:00,118.16310930775197
2012-04-26 03:00:00,123.17510199310419
2012-04-26 04:00:00,123.29526586399659
2012-04-26 05:00:00,124.79791572954981
2012-04-26 06:00:00,134.51861159471147
2012-04-26 07:00:00,84.3523227685016
2012-04-26 08:00:00,84.71898301671453
2012-04-26 09:00:00,82.33115601354719
2012-04-26 10:00:00,108.41815311629315
2012-04-26 11:00:00,115.13736346388553
2012-04-26 12:00:00,146.1147775676414
2012-04-26 13:00:00,150.94372884433858
2012-04-26 14:00:00,179.01229298808403
2012-04-26 15:00:00,175.6549028404071
2012-04-26 16:00:00,179.0625366507151
2012-04-26 17:00:00,188.00579602670848
2012-04-26 18:00:00,214.5343717768557
2012-04-26 19:00:00,226.14458081832205
2012-04-26 20:00:00,216.94854015647655
2012-04-26 21:00:00,207.40780830122128
2012-04-26 22:00:00,213.80499174606467
2012-04-26 23:00:00,205.14357725618214
2012-04-27 00:00:00,106.00315407661635
2012-04-27 01:00:00,112.14757598466855
2012-04-27 02:00:00,112.90704454001096
2012-04-27 03:00:00,129.14436712589088
2012-04-27 04:00:00,127.56529855988008
2012-04-27 05:00:00,136.9919687863968
2012-04-27 06:00:00,136.88646537474327
2012-04-27 07:00:00,129.4259527452152
2012-04-27 08:00:00,130.18453591431407
2012-04-27 09:00:00,169.76304574123185
2012-04-27 10:00:00,192.24025858975656
2012-04-27 11:00:00,196.7035088194901
2012-04-27 12:00:00,218.6714919775274
2012-04-27 13:00:00,238.28900139235785
2012-04-27 14:00:00,245.6386690219467
2012-04-27 15:00:00,307.3106381682392
2012-04-27 16:00:00,302.96190784079863
2012-04-27 17:00:00,357.4372438729181
2012-04-27 18:00:00,355.82309031215937
2012-04-27 19:00:00,355.5760763437686
2012-04-27 20:00:00,325.82508153589265
2012-04-27 21:00:00,324.45085656684375
2012-04-27 22:00:00,307.8511122065844
2012-04-27 23:00:00,305.4166102928169
2012-04-28 00:00:00,98.9865068462107
2012-04-28 01:00:00,87.4955739104707
2012-04-28 02:00:00,98.70383074900937
2012-04-28 03:00:00,92.1596440278626
2012-04-28 04:00:00,97.99864929417734
2012-04-28 05:00:00,105.21080133372931
2012-04-28 06:00:00,108.08167755822201
2012-04-28 07:00:00,112.24851661274809
2012-04-28 08:00:00,145.87833070894314
2012-04-28 09:00:00,165.1885570356317
2012-04-28 10:00:00,174.17297039819076
2012-04-28 11:00:00,179.54507500648197
2012-04-28 12:00:00,177.04979412108244
2012-04-28 13:00:00,204.2536682605024
2012-04-28 14:00:00,206.71134455981544
2012-04-28 15:00:00,215.5345161476119
2012-04-28 16:00:00,258.4521265409119
2012-04-28 17:00:00,249.7896521068448
2012-04-28 18:00:00,170.46411597704014
2012-04-28 19:00:00,124.82897465453706
2012-04-28 20:00:00,197.12911581257583
2012-04-28 21:00:00,138.70214758605866
2012-04-28 22:00:00,192.3115031240793
2012-04-28 23:00:00,206.69633137067956
2012-04-29 00:00:00,47.295920599918595
2012-04-29 01:00:00,66.55896020842206
2012-04-29 02:00:00,66.72315464582918
2012-04-29 03:00:00,69.20369079881252
2012-04-29 04:00:00,71.33817507269903
2012-04-29 05:00:00,68.78296247822186
2012-04-29 06:00:00,69.92073203493645
2012-04-29 07:00:00,79.1966183393553
2012-04-29 08:00:00,97.931061338420193
2012-04-29 09:00:00,111.73452602892372
2012-04-29 10:00:00,124.6579661906209
2012-04-29 11:00:00,162.05392899473796
2012-04-29 12:00:00,194.02181517298155
2012-04-29 13:00:00,207.10144267038567
2012-04-29 14:00:00,253.84109674055395
2012-04-29 15:00:00,274.03971185095793
2012-04-29 16:00:00,375.7475164282833
2012-04-29 17:00:00,408.0056574326521
2012-04-29 18:00:00,430.04580372691976
2012-04-29 19:00:00,335.77050785141574
2012-04-29 20:00:00,359.15434222582013
2012-04-29 21:00:00,299.0814677205118
2012-04-29 22:00:00,303.2184582924099
2012-04-29 23:00:00,263.40102044986253
2012-04-30 00:00:00,77.61356607678925
2012-04-30 01:00:00,74.19339348373786
2012-04-30 02:00:00,83.88827347107743
2012-04-30 03:00:00,81.10851504479939
2012-04-30 04:00:00,98.20530456741851
2012-04-30 05:00:00,102.75156699091373
2012-04-30 06:00:00,129.02376326582242
2012-04-30 07:00:00,130.58722248168914
2012-04-30 08:00:00,147.64092401270173
2012-04-30 09:00:00,167.22739550926534
2012-04-30 10:00:00,183.16291241386395
2012-04-30 11:00:00,188.4445708471715
2012-04-30 12:00:00,192.1496434429732
2012-04-30 13:00:00,202.43613405943987
2012-04-30 14:00:00,211.36619471820381
2012-04-30 15:00:00,226.48525876384574
2012-04-30 16:00:00,225.40156166848573
2012-04-30 17:00:00,234.09139746054655
2012-04-30 18:00:00,269.1205701175769
2012-04-30 19:00:00,263.0926862476652
2012-04-30 20:00:00,277.81979111349176
2012-04-30 21:00:00,290.6810279113006
2012-04-30 22:00:00,315.5551386598449
2012-04-30 23:00:00,335.11165472265674
2012-05-20 00:00:00,119.24540705429803
2012-05-20 01:00:00,119.1290689829973
2012-05-20 02:00:00,124.6439646625025
2012-05-20 03:00:00,123.68149503698208
2012-05-20 04:00:00,109.82273299783864
2012-05-20 05:00:00,106.94299106741775
2012-05-20 06:00:00,124.53699655484995
2012-05-20 07:00:00,129.10735864450305
2012-05-20 08:00:00,162.97916136126256
2012-05-20 09:00:00,274.1819535566928
2012-05-20 10:00:00,283.74331430813794
2012-05-20 11:00:00,292.5498780749567
2012-05-20 12:00:00,315.81249326194296
2012-05-20 13:00:00,323.16701158061545
2012-05-20 14:00:00,350.1556389236118
2012-05-20 15:00:00,387.34700843863556
2012-05-20 16:00:00,368.0525372861779
2012-05-20 17:00:00,369.75650456800224
2012-05-20 18:00:00,362.0130908911151
2012-05-20 19:00:00,325.781180879672
2012-05-20 20:00:00,340.8627159091609
2012-05-20 21:00:00,314.0952716364802
2012-05-20 22:00:00,300.225946643952
2012-05-20 23:00:00,233.62559520119265
2012-05-21 00:00:00,68.3114200967321
2012-05-21 01:00:00,72.54501740105395
2012-05-21 02:00:00,67.07043352870035
2012-05-21 03:00:00,102.00167297956433
2012-05-21 04:00:00,79.34717389769256
2012-05-21 05:00:00,83.02042837911392
2012-05-21 06:00:00,86.86373048570564
2012-05-21 07:00:00,90.88495230881662
2012-05-21 08:00:00,94.03666284165169
2012-05-21 09:00:00,97.66202884390327
2012-05-21 10:00:00,107.00791339113115
2012-05-21 11:00:00,159.3680695076108
2012-05-21 12:00:00,170.50635115150732
2012-05-21 13:00:00,132.63701173009395
2012-05-21 14:00:00,136.72800185511838
2012-05-21 15:00:00,236.02267138140402
2012-05-21 16:00:00,250.6501662263978
2012-05-21 17:00:00,282.7731064145304
2012-05-21 18:00:00,244.22006121355295
2012-05-21 19:00:00,274.49785492583317
2012-05-21 20:00:00,281.54210844581917
2012-05-21 21:00:00,291.3126914092195
2012-05-21 22:00:00,311.6932649370535
2012-05-21 23:00:00,310.3525354137065
2012-05-22 00:00:00,88.70840098875843
2012-05-22 01:00:00,97.53127127878956
2012-05-22 02:00:00,101.29136382530946
2012-05-22 03:00:00,105.98049058085506
2012-05-22 04:00:00,103.21118823131995
2012-05-22 05:00:00,80.88647686136702
2012-05-22 06:00:00,82.76442162216891
2012-05-22 07:00:00,86.59587229258413
2012-05-22 08:00:00,122.7736055042735
2012-05-22 09:00:00,143.4278636310576
2012-05-22 10:00:00,163.03767476537303
2012-05-22 11:00:00,166.81877040878499
2012-05-22 12:00:00,184.79662537431258
2012-05-22 13:00:00,205.42434717291766
2012-05-22 14:00:00,220.6045536958349
2012-05-22 15:00:00,266.3467737980959
2012-05-22 16:00:00,271.16077785986045
2012-05-22 17:00:00,317.8969282033774
2012-05-22 18:00:00,299.0603643026677
2012-05-22 19:00:00,283.83959520047244
2012-05-22 20:00:00,277.48202797027636
2012-05-22 21:00:00,258.4362356614795
2012-05-22 22:00:00,282.62267229024326
2012-05-22 23:00:00,296.80621588618567
2012-05-23 00:00:00,99.91478607688919
2012-05-23 01:00:00,93.63087435641734
2012-05-23 02:00:00,106.05221663697988
2012-05-23 03:00:00,110.1231808046936
2012-05-23 04:00:00,84.30160353553873
2012-05-23 05:00:00,82.09877707699899
2012-05-23 06:00:00,102.83142605304022
2012-05-23 07:00:00,114.30987185517246
2012-05-23 08:00:00,119.60167027012426
2012-05-23 09:00:00,157.18983754899807
2012-05-23 10:00:00,155.35576412133935
2012-05-23 11:00:00,173.3395789607892
2012-05-23 12:00:00,216.47690571121933
2012-05-23 13:00:00,218.32365264134916
2012-05-23 14:00:00,238.73428581495878
2012-05-23 15:00:00,281.9668425887707
2012-05-23 16:00:00,224.29457700474828
2012-05-23 17:00:00,196.37024897204637
2012-05-23 18:00:00,205.46090540783084
2012-05-23 19:00:00,236.15940429262713
2012-05-23 20:00:00,242.54118565607544
2012-05-23 21:00:00,248.1660905852704
2012-05-23 22:00:00,270.49906306793014
2012-05-23 23:00:00,251.5129981295441
2012-05-24 00:00:00,87.83999794327667
2012-05-24 01:00:00,84.29886275769432
2012-05-24 02:00:00,86.25388366422054
2012-05-24 03:00:00,100.27400945578722
2012-05-24 04:00:00,106.48848685245694
2012-05-24 05:00:00,111.41820636653712
2012-05-24 06:00:00,116.57613960780805
2012-05-24 07:00:00,121.02618718376846
2012-05-24 08:00:00,151.66848985613137
2012-05-24 09:00:00,159.87651199099338
2012-05-24 10:00:00,187.17089896606154
2012-05-24 11:00:00,202.01257109518235
2012-05-24 12:00:00,241.28033863618637
2012-05-24 13:00:00,276.3389627695636
2012-05-24 14:00:00,299.38873317602145
2012-05-24 15:00:00,315.58324151699577
2012-05-24 16:00:00,338.9038403035024
2012-05-24 17:00:00,348.06210447904215
2012-05-24 18:00:00,360.9769544319758
2012-05-24 19:00:00,336.25499700820916
2012-05-24 20:00:00,326.3130320505159
2012-05-24 21:00:00,209.5593427740284
2012-05-24 22:00:00,290.55550259279687
2012-05-24 23:00:00,306.2722046220899
2012-05-25 00:00:00,91.64434147137429
2012-05-25 01:00:00,94.82474900051862
2012-05-25 02:00:00,105.03300944093428
2012-05-25 03:00:00,103.43676836535937
2012-05-25 04:00:00,105.44339968285261
2012-05-25 05:00:00,112.81568134564253
2012-05-25 06:00:00,118.47738612574805
2012-05-25 07:00:00,125.82001700378841
2012-05-25 08:00:00,132.34600823788287
2012-05-25 09:00:00,139.50485657384525
2012-05-25 10:00:00,171.88241091689073
2012-05-25 11:00:00,178.5044914998317
2012-05-25 12:00:00,235.0305423974787
2012-05-25 13:00:00,258.960079019507
2012-05-25 14:00:00,283.21507202039936
2012-05-25 15:00:00,306.2407940992343
2012-05-25 16:00:00,360.6014214651061
2012-05-25 17:00:00,342.82037041519226
2012-05-25 18:00:00,350.77090461481924
2012-05-25 19:00:00,350.00592569165224
2012-05-25 20:00:00,325.5053972672207
2012-05-25 21:00:00,338.04608109511975
2012-05-25 22:00:00,298.58942136785515
2012-05-25 23:00:00,298.4921142568619
2012-05-26 00:00:00,92.41438979670012
2012-05-26 01:00:00,95.97482121602069
2012-05-26 02:00:00,93.96492352913849
2012-05-26 03:00:00,95.63699664449082
2012-05-26 04:00:00,100.81018443761444
2012-05-26 05:00:00,118.49304945116955
2012-05-26 06:00:00,112.01397046431302
2012-05-26 07:00:00,125.93541846935464
2012-05-26 08:00:00,143.6335742072046
2012-05-26 09:00:00,139.9091554759797
2012-05-26 10:00:00,174.6185410611524
2012-05-26 11:00:00,203.98961247831062
2012-05-26 12:00:00,250.0459750110341
2012-05-26 13:00:00,276.3758050856217
2012-05-26 14:00:00,291.3327597426833
2012-05-26 15:00:00,309.3880949203263
2012-05-26 16:00:00,362.91415592262604
2012-05-26 17:00:00,411.86153047253197
2012-05-26 18:00:00,411.58297709394935
2012-05-26 19:00:00,371.57080253380065
2012-05-26 20:00:00,422.4409522234801
2012-05-26 21:00:00,409.04110861540335
2012-05-26 22:00:00,340.6100019343838
2012-05-26 23:00:00,356.37801426000925
2012-05-27 00:00:00,132.317343403728
2012-05-27 01:00:00,119.03384457155241
2012-05-27 02:00:00,122.08011044781564
2012-05-27 03:00:00,125.84548875202687
2012-05-27 04:00:00,111.5780072786101
2012-05-27 05:00:00,116.74333825552267
2012-05-27 06:00:00,121.2441076013428
2012-05-27 07:00:00,116.33240997531897
2012-05-27 08:00:00,133.71884855540867
2012-05-27 09:00:00,150.01834550401853
2012-05-27 10:00:00,185.93145745433952
2012-05-27 11:00:00,231.62769384787634
2012-05-27 12:00:00,251.9096713816733
2012-05-27 13:00:00,292.67404816595683
2012-05-27 14:00:00,310.8125096355879
2012-05-27 15:00:00,350.13283977313455
2012-05-27 16:00:00,366.3416971225808
2012-05-27 17:00:00,397.7176580893418
2012-05-27 18:00:00,376.66979817475186
2012-05-27 19:00:00,383.977039355195
2012-05-27 20:00:00,387.3413618623976
2012-05-27 21:00:00,262.7185634856257
2012-05-27 22:00:00,193.22564137651025
2012-05-27 23:00:00,209.0510186853289
2012-05-28 00:00:00,89.67912989845736
2012-05-28 01:00:00,112.82086377777375
2012-05-28 02:00:00,95.15300793644174
2012-05-28 03:00:00,116.61456345340093
2012-05-28 04:00:00,111.08269158274497
2012-05-28 05:00:00,116.22509268692005
2012-05-28 06:00:00,133.57134876210156
2012-05-28 07:00:00,130.27722663683105
2012-05-28 08:00:00,156.15035754085883
2012-05-28 09:00:00,189.98486423421932
2012-05-28 10:00:00,198.7799191765711
2012-05-28 11:00:00,216.56333780070034
2012-05-28 12:00:00,252.07566425986772
2012-05-28 13:00:00,316.398933394304
2012-05-28 14:00:00,331.0461318125625
2012-05-28 15:00:00,375.6704837198026
2012-05-28 16:00:00,396.0010853412164
2012-05-28 17:00:00,411.2577429833389
2012-05-28 18:00:00,403.4309283249978
2012-05-28 19:00:00,427.72651117186956
2012-05-28 20:00:00,401.4128169443414
2012-05-28 21:00:00,388.07499129160794
2012-05-28 22:00:00,354.2869446684558
2012-05-28 23:00:00,354.63257044825394
2012-05-29 00:00:00,117.21515943428804
2012-05-29 01:00:00,122.64145363649452
2012-05-29 02:00:00,113.64165521098388
2012-05-29 03:00:00,128.99664822059623
2012-05-29 04:00:00,126.33283209985112
2012-05-29 05:00:00,132.1812148319162
2012-05-29 06:00:00,138.30033938154503
2012-05-29 07:00:00,144.70273932171642
2012-05-29 08:00:00,177.93008340090162
2012-05-29 09:00:00,203.74185538191117
2012-05-29 10:00:00,222.4118505335323
2012-05-29 11:00:00,262.2757063999823
2012-05-29 12:00:00,328.0486460352021
2012-05-29 13:00:00,371.5023925633935
2012-05-29 14:00:00,391.5976664611009
2012-05-29 15:00:00,420.42753912154285
2012-05-29 16:00:00,451.48454780729594
2012-05-29 17:00:00,464.6854846034368
2012-05-29 18:00:00,464.39492353342456
2012-05-29 19:00:00,427.09253308626745
2012-05-29 20:00:00,299.4130101081819
2012-05-29 21:00:00,183.38942548018625
2012-05-29 22:00:00,243.48885474017018
2012-05-29 23:00:00,168.02545275089645
2012-05-30 00:00:00,68.50991891178352
2012-05-30 01:00:00,73.29809746346946
2012-05-30 02:00:00,66.4275132211954
2012-05-30 03:00:00,77.47660436242361
2012-05-30 04:00:00,109.03186070663122
2012-05-30 05:00:00,135.6264709940035
2012-05-30 06:00:00,136.54834227493347
2012-05-30 07:00:00,108.61663454099866
2012-05-30 08:00:00,165.41630760809184
2012-05-30 09:00:00,188.04540102340317
2012-05-30 10:00:00,201.19296327866547
2012-05-30 11:00:00,221.96593528272007
2012-05-30 12:00:00,245.7213649852955
2012-05-30 13:00:00,265.77795348369295
2012-05-30 14:00:00,317.66843580387956
2012-05-30 15:00:00,310.4101177087774
2012-05-30 16:00:00,327.2089473104672
2012-05-30 17:00:00,347.3985082807803
2012-05-30 18:00:00,370.300852026991
2012-05-30 19:00:00,362.5460386654286
2012-05-30 20:00:00,279.29990044140806
2012-05-30 21:00:00,355.40574297338776
2012-05-30 22:00:00,315.58180958917063
2012-05-30 23:00:00,345.14016704633553
2012-05-31 00:00:00,113.88675582747582
2012-05-31 01:00:00,117.83905980924062
2012-05-31 02:00:00,128.8762265483256
2012-05-31 03:00:00,129.00195216979836
2012-05-31 04:00:00,131.99370680591448
2012-05-31 05:00:00,147.1168079268073
2012-05-31 06:00:00,141.67228962923235
2012-05-31 07:00:00,171.49151900782917
2012-05-31 08:00:00,198.51781419662237
2012-05-31 09:00:00,232.02142057772315
2012-05-31 10:00:00,282.98432780042646
2012-05-31 11:00:00,304.2344721624671
2012-05-31 12:00:00,311.29013974926687
2012-05-31 13:00:00,328.07498729549616
2012-05-31 14:00:00,375.7450864513927
2012-05-31 15:00:00,394.67611947664176
2012-05-31 16:00:00,411.4166558038323
2012-05-31 17:00:00,427.19765234692915
2012-05-31 18:00:00,441.3051223422831
2012-05-31 19:00:00,438.46755839923355
2012-05-31 20:00:00,398.1340483119852
2012-05-31 21:00:00,416.5650472414997
2012-05-31 22:00:00,395.2896121307722
2012-05-31 23:00:00,401.60549001557746
2012-06-20 00:00:00,117.21515943428804
2012-06-20 01:00:00,115.23246398506407
2012-06-20 02:00:00,107.57488857737403
2012-06-20 03:00:00,111.71940561701874
2012-06-20 04:00:00,115.59649429561304
2012-06-20 05:00:00,120.94785490305502
2012-06-20 06:00:00,120.4457129076017
2012-06-20 07:00:00,127.12613766724519
2012-06-20 08:00:00,178.22690276498028
2012-06-20 09:00:00,204.37026229512546
2012-06-20 10:00:00,304.46313262413537
2012-06-20 11:00:00,344.8636274030503
2012-06-20 12:00:00,377.72654527321555
2012-06-20 13:00:00,390.21702070248375
2012-06-20 14:00:00,455.1657398749967
2012-06-20 15:00:00,489.366452560158
2012-06-20 16:00:00,525.5290784488868
2012-06-20 17:00:00,523.9938498019034
2012-06-20 18:00:00,548.2513332442726
2012-06-20 19:00:00,574.151261273024
2012-06-20 20:00:00,565.2804434295589
2012-06-20 21:00:00,524.6375072223294
2012-06-20 22:00:00,538.9026401913055
2012-06-20 23:00:00,473.24967369689625
2012-06-21 00:00:00,122.82177636755617
2012-06-21 01:00:00,117.62476264387726
2012-06-21 02:00:00,122.15951326800452
2012-06-21 03:00:00,131.61618398661219
2012-06-21 04:00:00,118.44639158242322
2012-06-21 05:00:00,124.39067604190238
2012-06-21 06:00:00,140.37055363628812
2012-06-21 07:00:00,146.86879093795815
2012-06-21 08:00:00,172.5070566114807
2012-06-21 09:00:00,253.3335338865386
2012-06-21 10:00:00,294.827467116101
2012-06-21 11:00:00,339.5521568410119
2012-06-21 12:00:00,410.13635170361107
2012-06-21 13:00:00,408.8716307264384
2012-06-21 14:00:00,409.57443919880797
2012-06-21 15:00:00,491.77380553194547
2012-06-21 16:00:00,484.2632615383779
2012-06-21 17:00:00,450.3223963265753
2012-06-21 18:00:00,473.0878668175774
2012-06-21 19:00:00,525.9357506513381
2012-06-21 20:00:00,500.98681546998654
2012-06-21 21:00:00,464.9902573693836
2012-06-21 22:00:00,441.1290576587265
2012-06-21 23:00:00,458.9866730870958
2012-06-22 00:00:00,142.0356838039944
2012-06-22 01:00:00,135.9920734564857
2012-06-22 02:00:00,122.773547879773
2012-06-22 03:00:00,128.45715906334007
2012-06-22 04:00:00,173.35344602818728
2012-06-22 05:00:00,174.268987890104
2012-06-22 06:00:00,178.31055504224457
2012-06-22 07:00:00,190.12420334252567
2012-06-22 08:00:00,210.5976515086435
2012-06-22 09:00:00,224.8369216967744
2012-06-22 10:00:00,276.6703734384761
2012-06-22 11:00:00,285.1306458050115
2012-06-22 12:00:00,325.1621064744923
2012-06-22 13:00:00,400.877472978114
2012-06-22 14:00:00,419.4354745021043
2012-06-22 15:00:00,489.39395827932515
2012-06-22 16:00:00,501.68630349826844
2012-06-22 17:00:00,443.4127115856358
2012-06-22 18:00:00,412.11783287603026
2012-06-22 19:00:00,413.13279420664736
2012-06-22 20:00:00,432.2581368394969
2012-06-22 21:00:00,250.39421968955475
2012-06-22 22:00:00,300.0354781489262
2012-06-22 23:00:00,301.38791640188913
2012-06-23 00:00:00,81.13898661297246
2012-06-23 01:00:00,98.74545059923966
2012-06-23 02:00:00,100.92030393772447
2012-06-23 03:00:00,102.8806804886707
2012-06-23 04:00:00,109.66311810205053
2012-06-23 05:00:00,115.5950055914732
2012-06-23 06:00:00,108.85469974661572
2012-06-23 07:00:00,116.03097624914056
2012-06-23 08:00:00,162.9739642892863
2012-06-23 09:00:00,200.78788649385294
2012-06-23 10:00:00,227.0092626915827
2012-06-23 11:00:00,258.5743509635091
2012-06-23 12:00:00,311.65853067375224
2012-06-23 13:00:00,360.24677915710794
2012-06-23 14:00:00,352.2764181846535
2012-06-23 15:00:00,426.2672842909868
2012-06-23 16:00:00,448.4911438059112
2012-06-23 17:00:00,464.043930333359
2012-06-23 18:00:00,490.97670310240693
2012-06-23 19:00:00,479.856375764317
2012-06-23 20:00:00,465.5419939926803
2012-06-23 21:00:00,455.0404661846232
2012-06-23 22:00:00,438.20026839082794
2012-06-23 23:00:00,413.39434609299957
2012-06-24 00:00:00,135.10807686199215
2012-06-24 01:00:00,146.74707631640996
2012-06-24 02:00:00,155.22044613688965
2012-06-24 03:00:00,137.85356258153826
2012-06-24 04:00:00,141.0505997427711
2012-06-24 05:00:00,130.73705695385735
2012-06-24 06:00:00,144.05158540039469
2012-06-24 07:00:00,142.06292250063385
2012-06-24 08:00:00,179.57951902178704
2012-06-24 09:00:00,209.47816064407652
2012-06-24 10:00:00,255.36502793524045
2012-06-24 11:00:00,276.2796844464726
2012-06-24 12:00:00,329.5546645212699
2012-06-24 13:00:00,349.9788005935148
2012-06-24 14:00:00,404.3828232075154
2012-06-24 15:00:00,438.0004257298786
2012-06-24 16:00:00,437.7754788136588
2012-06-24 17:00:00,448.012282482206
2012-06-24 18:00:00,458.4884603377961
2012-06-24 19:00:00,449.8050056918313
2012-06-24 20:00:00,412.9361212677775
2012-06-24 21:00:00,388.1895380889796
2012-06-24 22:00:00,382.1201313875808
2012-06-24 23:00:00,386.7505128449505
2012-06-25 00:00:00,135.49353240299826
2012-06-25 01:00:00,127.89752218729993
2012-06-25 02:00:00,126.61293978921185
2012-06-25 03:00:00,130.8210163117245
2012-06-25 04:00:00,116.41287194349687
2012-06-25 05:00:00,128.43558481660145
2012-06-25 06:00:00,120.79428774481835
2012-06-25 07:00:00,142.7095871758532
2012-06-25 08:00:00,156.6420673655064
2012-06-25 09:00:00,182.3284291015917
2012-06-25 10:00:00,232.27171832726953
2012-06-25 11:00:00,307.7316799857761
2012-06-25 12:00:00,308.1653084623859
2012-06-25 13:00:00,270.18328147834677
2012-06-25 14:00:00,325.0769751359757
2012-06-25 15:00:00,367.0451457471467
2012-06-25 16:00:00,420.2697942780511
2012-06-25 17:00:00,469.1715016650029
2012-06-25 18:00:00,458.63115647647305
2012-06-25 19:00:00,466.82453151345555
2012-06-25 20:00:00,470.73031015335664
2012-06-25 21:00:00,449.20201103073396
2012-06-25 22:00:00,482.3513255001044
2012-06-25 23:00:00,475.6923624417919
2012-06-26 00:00:00,167.9946770465228
2012-06-26 01:00:00,174.49973776652047
2012-06-26 02:00:00,135.04914525190065
2012-06-26 03:00:00,133.98116989130574
2012-06-26 04:00:00,140.70507405932344
2012-06-26 05:00:00,141.14367621331024
2012-06-26 06:00:00,138.16191106779183
2012-06-26 07:00:00,146.72448952726882
2012-06-26 08:00:00,167.6548451462239
2012-06-26 09:00:00,191.31708826716195
2012-06-26 10:00:00,243.55412582366247
2012-06-26 11:00:00,273.3677708275558
2012-06-26 12:00:00,294.6128134613211
2012-06-26 13:00:00,333.67489998491243
2012-06-26 14:00:00,349.12186251048036
2012-06-26 15:00:00,385.24067370372904
2012-06-26 16:00:00,402.47514797640787
2012-06-26 17:00:00,417.05263109704714
2012-06-26 18:00:00,429.91599535095065
2012-06-26 19:00:00,435.0138524562447
2012-06-26 20:00:00,438.0420281765248
2012-06-26 21:00:00,428.7880645068034
2012-06-26 22:00:00,441.3479213341753
2012-06-26 23:00:00,414.82076894952974
2012-06-27 00:00:00,148.69302726434995
2012-06-27 01:00:00,151.0442228519522
2012-06-27 02:00:00,121.75574246906349
2012-06-27 03:00:00,134.37049137554587
2012-06-27 04:00:00,182.8828193935379
2012-06-27 05:00:00,186.483187370838
2012-06-27 06:00:00,161.5322409904291
2012-06-27 07:00:00,207.97922350912418
2012-06-27 08:00:00,215.99738135628576
2012-06-27 09:00:00,232.77802767990144
2012-06-27 10:00:00,255.91300380551667
2012-06-27 11:00:00,304.0668426416561
2012-06-27 12:00:00,329.4353225762983
2012-06-27 13:00:00,377.86522389084337
2012-06-27 14:00:00,399.0819203541189
2012-06-27 15:00:00,432.4993616063581
2012-06-27 16:00:00,460.9369342626795
2012-06-27 17:00:00,475.15384417139245
2012-06-27 18:00:00,473.81025748471745
2012-06-27 19:00:00,469.9666812870517
2012-06-27 20:00:00,450.8936813270636
2012-06-27 21:00:00,430.9838273174173
2012-06-27 22:00:00,426.625671174486
2012-06-27 23:00:00,400.48966783079265
2012-06-28 00:00:00,131.62466553393963
2012-06-28 01:00:00,128.36650027574066
2012-06-28 02:00:00,143.5594572294923
2012-06-28 03:00:00,150.2053198823772
2012-06-28 04:00:00,135.38861515982762
2012-06-28 05:00:00,152.17375779074376
2012-06-28 06:00:00,159.21840614180272
2012-06-28 07:00:00,155.07531305176676
2012-06-28 08:00:00,190.45409221884694
2012-06-28 09:00:00,204.41464918188595
2012-06-28 10:00:00,237.58084791383104
2012-06-28 11:00:00,319.3412557770483
2012-06-28 12:00:00,372.5025134883302
2012-06-28 13:00:00,408.68094304236666
2012-06-28 14:00:00,430.1975078587875
2012-06-28 15:00:00,450.1128349714592
2012-06-28 16:00:00,480.3210711211634
2012-06-28 17:00:00,508.1508482547148
2012-06-28 18:00:00,502.3112061521663
2012-06-28 19:00:00,506.596382323193
2012-06-28 20:00:00,494.0563714816144
2012-06-28 21:00:00,384.95492598612395
2012-06-28 22:00:00,413.2957524177137
2012-06-28 23:00:00,421.5472382105474
2012-06-29 00:00:00,148.87288032020936
2012-06-29 01:00:00,151.8037031977805
2012-06-29 02:00:00,148.08404990609932
2012-06-29 03:00:00,154.93937156690535
2012-06-29 04:00:00,144.33175177100435
2012-06-29 05:00:00,155.51943040702164
2012-06-29 06:00:00,178.79118254463998
2012-06-29 07:00:00,170.25178370667598
2012-06-29 08:00:00,219.3309082257528
2012-06-29 09:00:00,221.99481242698977
2012-06-29 10:00:00,379.4781964348547
2012-06-29 11:00:00,427.3939434573008
2012-06-29 12:00:00,482.97375775157866
2012-06-29 13:00:00,470.20162522280503
2012-06-29 14:00:00,539.3254159851176
2012-06-29 15:00:00,533.6712490153543
2012-06-29 16:00:00,558.3767326609207
2012-06-29 17:00:00,646.6617799846524
2012-06-29 18:00:00,588.3470126779382
2012-06-29 19:00:00,558.3899407886303
2012-06-29 20:00:00,646.511075777416
2012-06-29 21:00:00,563.9081756336222
2012-06-29 22:00:00,392.69689683194673
2012-06-29 23:00:00,410.87619125758135
2012-06-30 00:00:00,63.660811485347594
2012-06-30 01:00:00,67.6061875222338
2012-06-30 02:00:00,89.97849058152268
2012-06-30 03:00:00,94.14390539750912
2012-06-30 04:00:00,87.56806055236508
2012-06-30 05:00:00,99.17949180355144
2012-06-30 06:00:00,103.77085271581547
2012-06-30 07:00:00,108.57476356802495
2012-06-30 08:00:00,113.60106403034186
2012-06-30 09:00:00,118.86004928521324
2012-06-30 10:00:00,366.3358276595407
2012-06-30 11:00:00,383.29477722957347
2012-06-30 12:00:00,401.03881509510956
2012-06-30 13:00:00,419.60428570243556
2012-06-30 14:00:00,439.02921600767075
2012-06-30 15:00:00,459.35339336595194
2012-06-30 16:00:00,490.34085612924594
2012-06-30 17:00:00,477.43844558328607
2012-06-30 18:00:00,482.15893768509807
2012-06-30 19:00:00,457.05584516335966
2012-06-30 20:00:00,441.53336127787526
2012-06-30 21:00:00,461.9734641617175
2012-06-30 22:00:00,406.56782474752134
2012-06-30 23:00:00,417.55458589185605
2012-07-20 00:00:00,64.40021659776896
2012-07-20 01:00:00,84.65653112434367
2012-07-20 02:00:00,94.82518099434732
2012-07-20 03:00:00,99.58402457093496
2012-07-20 04:00:00,105.75574018422512
2012-07-20 05:00:00,109.8301712436495
2012-07-20 06:00:00,115.77397985873289
2012-07-20 07:00:00,122.03641553091204
2012-07-20 08:00:00,148.73094921000802
2012-07-20 09:00:00,171.8349647722951
2012-07-20 10:00:00,181.1343597602199
2012-07-20 11:00:00,159.67979555606624
2012-07-20 12:00:00,132.5214070606938
2012-07-20 13:00:00,136.60883153270225
2012-07-20 14:00:00,152.70314587694318
2012-07-20 15:00:00,222.21064163571722
2012-07-20 16:00:00,222.5354599164698
2012-07-20 17:00:00,202.88741047362896
2012-07-20 18:00:00,241.92532941772532
2012-07-20 19:00:00,222.52898136639462
2012-07-20 20:00:00,177.6723303968919
2012-07-20 21:00:00,183.1523675272734
2012-07-20 22:00:00,249.25882105511647
2012-07-20 23:00:00,266.6862393788838
2012-07-21 00:00:00,70.08720826903816
2012-07-21 01:00:00,97.90070326176945
2012-07-21 02:00:00,68.20964497163602
2012-07-21 03:00:00,70.83754484298679
2012-07-21 04:00:00,74.67114361226352
2012-07-21 05:00:00,77.54798439883974
2012-07-21 06:00:00,81.13794818993213
2012-07-21 07:00:00,114.18442428998826
2012-07-21 08:00:00,126.269342300784
2012-07-21 09:00:00,130.16393119198287
2012-07-21 10:00:00,97.23845469846493
2012-07-21 11:00:00,149.19181655153037
2012-07-21 12:00:00,115.19780310720334
2012-07-21 13:00:00,118.75090694141126
2012-07-21 14:00:00,156.74056735312695
2012-07-21 15:00:00,121.92859873076073
2012-07-21 16:00:00,125.68930388280867
2012-07-21 17:00:00,130.53496423882007
2012-07-21 18:00:00,185.06942397696457
2012-07-21 19:00:00,192.2043475000608
2012-07-21 20:00:00,149.51589850918742
2012-07-21 21:00:00,210.41186244330345
2012-07-21 22:00:00,216.90170144235486
2012-07-21 23:00:00,221.10950640194562
2012-07-22 00:00:00,80.14673008650259
2012-07-22 01:00:00,85.11382021526805
2012-07-22 02:00:00,87.73902862023677
2012-07-22 03:00:00,91.80077101436893
2012-07-22 04:00:00,86.4457448308341
2012-07-22 05:00:00,90.44761665564646
2012-07-22 06:00:00,117.84043817070778
2012-07-22 07:00:00,120.5733400476896
2012-07-22 08:00:00,137.5399640482407
2012-07-22 09:00:00,169.20470509113716
2012-07-22 10:00:00,167.50523990904057
2012-07-22 11:00:00,175.25963547139247
2012-07-22 12:00:00,209.38084032868093
2012-07-22 13:00:00,230.68295375406564
2012-07-22 14:00:00,235.55333896197595
2012-07-22 15:00:00,246.45791584169524
2012-07-22 16:00:00,266.0554480428292
2012-07-22 17:00:00,286.7789038679916
2012-07-22 18:00:00,295.62416997046313
2012-07-22 19:00:00,286.8055370552701
2012-07-22 20:00:00,278.30719833135356
2012-07-22 21:00:00,271.4436163720351
2012-07-22 22:00:00,306.94207612888715
2012-07-22 23:00:00,283.39029537400796
2012-07-23 00:00:00,80.01464857816893
2012-07-23 01:00:00,85.92533568746731
2012-07-23 02:00:00,89.71935347307779
2012-07-23 03:00:00,93.87277193811511
2012-07-23 04:00:00,99.31860453706574
2012-07-23 05:00:00,103.91640545779775
2012-07-23 06:00:00,124.78892020206987
2012-07-23 07:00:00,137.18916572872538
2012-07-23 08:00:00,160.26855994803606
2012-07-23 09:00:00,199.38757310822945
2012-07-23 10:00:00,245.2280356517934
2012-07-23 11:00:00,298.58537738557027
2012-07-23 12:00:00,312.407924827305
2012-07-23 13:00:00,322.0436797254074
2012-07-23 14:00:00,316.50202484044513
2012-07-23 15:00:00,332.3638051296711
2012-07-23 16:00:00,365.3554168699028
2012-07-23 17:00:00,382.2689798413994
2012-07-23 18:00:00,411.29751167027786
2012-07-23 19:00:00,405.0747450500311
2012-07-23 20:00:00,348.63051811289404
2012-07-23 21:00:00,367.4886086415648
2012-07-23 22:00:00,361.27253560534876
2012-07-23 23:00:00,358.9495761182553
2012-07-24 00:00:00,111.64013606561106
2012-07-24 01:00:00,104.61878530219244
2012-07-24 02:00:00,98.39447278845499
2012-07-24 03:00:00,102.94949246166088
2012-07-24 04:00:00,105.73151655397362
2012-07-24 05:00:00,111.03769939612123
2012-07-24 06:00:00,117.04394061287356
2012-07-24 07:00:00,154.39410004000194
2012-07-24 08:00:00,181.0513041556532
2012-07-24 09:00:00,270.93300323989854
2012-07-24 10:00:00,286.35856065103434
2012-07-24 11:00:00,348.46224274475287
2012-07-24 12:00:00,333.11262573059923
2012-07-24 13:00:00,378.64039614531697
2012-07-24 14:00:00,388.8724689725955
2012-07-24 15:00:00,376.05761724031595
2012-07-24 16:00:00,356.9244342471343
2012-07-24 17:00:00,376.9747231330803
2012-07-24 18:00:00,331.7631965011818
2012-07-24 19:00:00,333.2052952126881
2012-07-24 20:00:00,323.3320846310728
2012-07-24 21:00:00,343.3705765839046
2012-07-24 22:00:00,361.9441468299965
2012-07-24 23:00:00,408.5670472015616
2012-07-25 00:00:00,138.83863017690572
2012-07-25 01:00:00,137.17624118480623
2012-07-25 02:00:00,135.59981923009815
2012-07-25 03:00:00,131.5548014317352
2012-07-25 04:00:00,133.43619434414356
2012-07-25 05:00:00,137.55183406085828
2012-07-25 06:00:00,144.99227545751302
2012-07-25 07:00:00,191.04796507646418
2012-07-25 08:00:00,221.18098905594223
2012-07-25 09:00:00,255.13714566406946
2012-07-25 10:00:00,247.81258416954665
2012-07-25 11:00:00,279.6293655653826
2012-07-25 12:00:00,292.57437380883215
2012-07-25 13:00:00,336.32658005215836
2012-07-25 14:00:00,368.4425663786297
2012-07-25 15:00:00,361.40565987664445
2012-07-25 16:00:00,406.36154954539495
2012-07-25 17:00:00,399.19149282468186
2012-07-25 18:00:00,451.4387597017867
2012-07-25 19:00:00,415.28367190149055
2012-07-25 20:00:00,392.65010421767255
2012-07-25 21:00:00,385.8210189049998
2012-07-25 22:00:00,349.57613270322884
2012-07-25 23:00:00,373.4960777411863
2012-07-26 00:00:00,114.0014532390468
2012-07-26 01:00:00,120.17100403025047
2012-07-26 02:00:00,121.18479537126319
2012-07-26 03:00:00,125.85679482182425
2012-07-26 04:00:00,123.66785668126204
2012-07-26 05:00:00,129.39286850522345
2012-07-26 06:00:00,127.44066154901743
2012-07-26 07:00:00,157.87611914732878
2012-07-26 08:00:00,178.82042119871156
2012-07-26 09:00:00,195.82389392560086
2012-07-26 10:00:00,199.6845511826648
2012-07-26 11:00:00,271.5825711241388
2012-07-26 12:00:00,329.9372449468511
2012-07-26 13:00:00,372.25644230786133
2012-07-26 14:00:00,451.9920752116539
2012-07-26 15:00:00,521.3828205782802
2012-07-26 16:00:00,565.2626118236274
2012-07-26 17:00:00,534.4416547308588
2012-07-26 18:00:00,600.7675426600146
2012-07-26 19:00:00,572.1653739503554
2012-07-26 20:00:00,506.41254116269516
2012-07-26 21:00:00,501.2210702225037
2012-07-26 22:00:00,524.4243231165701
2012-07-26 23:00:00,340.8533867292443
2012-07-27 00:00:00,116.41338896056017
2012-07-27 01:00:00,125.01596850273333
2012-07-27 02:00:00,115.63513875277282
2012-07-27 03:00:00,128.82990097614785
2012-07-27 04:00:00,122.42294305028705
2012-07-27 05:00:00,121.19334645548979
2012-07-27 06:00:00,134.0200666012159
2012-07-27 07:00:00,167.71514137699597
2012-07-27 08:00:00,196.24378248801602
2012-07-27 09:00:00,285.5754450437205
2012-07-27 10:00:00,284.641376420926
2012-07-27 11:00:00,323.21475311650977
2012-07-27 12:00:00,343.8195092073841
2012-07-27 13:00:00,349.9048060026228
2012-07-27 14:00:00,391.09146856591855
2012-07-27 15:00:00,416.1185578989518
2012-07-27 16:00:00,394.86592656184285
2012-07-27 17:00:00,462.3649099956825
2012-07-27 18:00:00,417.46190504522184
2012-07-27 19:00:00,424.75337641978126
2012-07-27 20:00:00,377.91105875274667
2012-07-27 21:00:00,395.40586571250105
2012-07-27 22:00:00,416.794124122969
2012-07-27 23:00:00,378.3571494238228
2012-07-28 00:00:00,131.6422141180412
2012-07-28 01:00:00,124.66689794547474
2012-07-28 02:00:00,127.55811597454498
2012-07-28 03:00:00,133.46322132523196
2012-07-28 04:00:00,128.60437945945245
2012-07-28 05:00:00,125.49367881081562
2012-07-28 06:00:00,147.42418411337806
2012-07-28 07:00:00,165.39015496547356
2012-07-28 08:00:00,188.02035584294615
2012-07-28 09:00:00,229.93187223742655
2012-07-28 10:00:00,285.0291145290594
2012-07-28 11:00:00,323.5771953126062
2012-07-28 12:00:00,341.65853411223804
2012-07-28 13:00:00,386.16151504519985
2012-07-28 14:00:00,397.3981501552862
2012-07-28 15:00:00,452.6554006305426
2012-07-28 16:00:00,431.82509934678495
2012-07-28 17:00:00,402.3337518447908
2012-07-28 18:00:00,431.3037029928877
2012-07-28 19:00:00,217.1556290002489
2012-07-28 20:00:00,225.73180009996898
2012-07-28 21:00:00,241.40695211710025
2012-07-28 22:00:00,252.58251294871545
2012-07-28 23:00:00,250.04561430791443
2012-07-29 00:00:00,80.98509801392132
2012-07-29 01:00:00,92.73732780962992
2012-07-29 02:00:00,111.40051582901701
2012-07-29 03:00:00,125.97223001981402
2012-07-29 04:00:00,126.82531976969415
2012-07-29 05:00:00,116.4168955357195
2012-07-29 06:00:00,131.84327136848347
2012-07-29 07:00:00,152.09460809051893
2012-07-29 08:00:00,175.7255166121735
2012-07-29 09:00:00,203.7972300521092
2012-07-29 10:00:00,200.1687249614598
2012-07-29 11:00:00,246.89298947813126
2012-07-29 12:00:00,265.1375969013385
2012-07-29 13:00:00,317.10992146621356
2012-07-29 14:00:00,330.0376647716997
2012-07-29 15:00:00,351.7051848795451
2012-07-29 16:00:00,367.986831509627
2012-07-29 17:00:00,409.09404792334493
2012-07-29 18:00:00,415.861054414345
2012-07-29 19:00:00,349.36230515969464
2012-07-29 20:00:00,318.8498256233028
2012-07-29 21:00:00,311.6439856206289
2012-07-29 22:00:00,304.1058974755085
2012-07-29 23:00:00,310.00542843874683
2012-07-30 00:00:00,110.40351415173136
2012-07-30 01:00:00,112.96394226736328
2012-07-30 02:00:00,111.05315619377974
2012-07-30 03:00:00,98.82217105011885
2012-07-30 04:00:00,103.39699035170703
2012-07-30 05:00:00,111.03769939612123
2012-07-30 06:00:00,117.91925601104512
2012-07-30 07:00:00,143.39034186189386
2012-07-30 08:00:00,183.37200944425507
2012-07-30 09:00:00,195.39234109389284
2012-07-30 10:00:00,225.95484961985662
2012-07-30 11:00:00,277.92246297343945
2012-07-30 12:00:00,270.6161919457024
2012-07-30 13:00:00,312.14106758680595
2012-07-30 14:00:00,331.4859967426099
2012-07-30 15:00:00,349.4167073682776
2012-07-30 16:00:00,368.3265024818836
2012-07-30 17:00:00,332.1549277061052
2012-07-30 18:00:00,354.60428933386726
2012-07-30 19:00:00,421.6109352355721
2012-07-30 20:00:00,304.3011943291364
2012-07-30 21:00:00,316.02494790917564
2012-07-30 22:00:00,334.45772860685645
2012-07-30 23:00:00,320.8571954399441
2012-07-31 00:00:00,99.24768172488172
2012-07-31 01:00:00,93.34292393654351
2012-07-31 02:00:00,97.66408998211638
2012-07-31 03:00:00,101.05340570111433
2012-07-31 04:00:00,105.73151655397362
2012-07-31 05:00:00,112.70189633168448
2012-07-31 06:00:00,103.67576184597111
2012-07-31 07:00:00,133.27891449440278
2012-07-31 08:00:00,151.70883275082787
2012-07-31 09:00:00,179.55336327859945
2012-07-31 10:00:00,191.3233764990347
2012-07-31 11:00:00,232.7791385267264
2012-07-31 12:00:00,286.9878755723631
2012-07-31 13:00:00,310.4582982745442
2012-07-31 14:00:00,324.8304841938786
2012-07-31 15:00:00,275.9701259573882
2012-07-31 16:00:00,308.63287079490885
2012-07-31 17:00:00,345.09664673354126
2012-07-31 18:00:00,343.67340417102434
2012-07-31 19:00:00,264.46126541412434
2012-07-31 20:00:00,228.41427722631153
2012-07-31 21:00:00,260.5582228042693
2012-07-31 22:00:00,292.45335219803803
2012-07-31 23:00:00,275.5126291866346
2012-08-20 00:00:00,87.29950197652937
2012-08-20 01:00:00,85.64043747435908
2012-08-20 02:00:00,89.60502884278232
2012-08-20 03:00:00,84.72293926890151
2012-08-20 04:00:00,104.2349366773767
2012-08-20 05:00:00,106.65230594818692
2012-08-20 06:00:00,125.82623550135186
2012-08-20 07:00:00,135.80359706166175
2012-08-20 08:00:00,149.06557233919253
2012-08-20 09:00:00,163.88066675162838
2012-08-20 10:00:00,175.33870431502908
2012-08-20 11:00:00,183.40586561170906
2012-08-20 12:00:00,217.14204732957222
2012-08-20 13:00:00,232.6270492646582
2012-08-20 14:00:00,264.45721990263763
2012-08-20 15:00:00,282.94021343539663
2012-08-20 16:00:00,296.03849225142505
2012-08-20 17:00:00,289.35538677577205
2012-08-20 18:00:00,230.15551491472354
2012-08-20 19:00:00,237.2543173263165
2012-08-20 20:00:00,232.83061579012542
2012-08-20 21:00:00,203.22596519586864
2012-08-20 22:00:00,230.1865088343528
2012-08-20 23:00:00,240.8426366282514
2012-08-21 00:00:00,86.9759697224328
2012-08-21 01:00:00,92.02169876036969
2012-08-21 02:00:00,91.65939314987503
2012-08-21 03:00:00,80.00480769651838
2012-08-21 04:00:00,83.70850631577113
2012-08-21 05:00:00,94.65797472976057
2012-08-21 06:00:00,99.40842698613294
2012-08-21 07:00:00,120.71259121704081
2012-08-21 08:00:00,127.24216580920049
2012-08-21 09:00:00,151.38420265954235
2012-08-21 10:00:00,183.22711780171105
2012-08-21 11:00:00,214.80738612877627
2012-08-21 12:00:00,248.2963287568568
2012-08-21 13:00:00,274.5752261990121
2012-08-21 14:00:00,313.33566149087693
2012-08-21 15:00:00,320.60239972358187
2012-08-21 16:00:00,335.4441911030391
2012-08-21 17:00:00,322.59676857896466
2012-08-21 18:00:00,321.6845656603856
2012-08-21 19:00:00,182.320955648779
2012-08-21 20:00:00,238.25339455931845
2012-08-21 21:00:00,249.28296632966607
2012-08-21 22:00:00,239.18431017100616
2012-08-21 23:00:00,229.5419604850151
2012-08-22 00:00:00,83.20328623535504
2012-08-22 01:00:00,92.47174306852229
2012-08-22 02:00:00,96.75257914554815
2012-08-22 03:00:00,101.23158989637452
2012-08-22 04:00:00,93.68974696675375
2012-08-22 05:00:00,107.43270440606949
2012-08-22 06:00:00,122.55022790089144
2012-08-22 07:00:00,121.31935287727205
2012-08-22 08:00:00,141.54468909968634
2012-08-22 09:00:00,168.41200053720888
2012-08-22 10:00:00,194.285193648698
2012-08-22 11:00:00,216.8161440138333
2012-08-22 12:00:00,239.71826309289116
2012-08-22 13:00:00,274.51922850305397
2012-08-22 14:00:00,296.9263936321944
2012-08-22 15:00:00,302.76436412437204
2012-08-22 16:00:00,241.2793144847285
2012-08-22 17:00:00,252.44896652990437
2012-08-22 18:00:00,218.20121668561052
2012-08-22 19:00:00,251.48483922250279
2012-08-22 20:00:00,250.05404794324932
2012-08-22 21:00:00,249.28296632966607
2012-08-22 22:00:00,260.8231350367848
2012-08-22 23:00:00,229.5419604850151
2012-08-23 00:00:00,88.38031338955007
2012-08-23 01:00:00,84.81739621304203
2012-08-23 02:00:00,88.74388616142699
2012-08-23 03:00:00,94.94858865205607
2012-08-23 04:00:00,97.15059316062798
2012-08-23 05:00:00,101.64802935363133
2012-08-23 06:00:00,104.66373109324579
2012-08-23 07:00:00,123.18269615466721
2012-08-23 08:00:00,156.32189004742685
2012-08-23 09:00:00,177.93820997464937
2012-08-23 10:00:00,213.7591296958797
2012-08-23 11:00:00,249.83499407449963
2012-08-23 12:00:00,285.55206309614067
2012-08-23 13:00:00,335.485451955731
2012-08-23 14:00:00,312.1322979643505
2012-08-23 15:00:00,319.37112833714434
2012-08-23 16:00:00,319.1494194825256
2012-08-23 17:00:00,350.3731851326824
2012-08-23 18:00:00,343.7757815099452
2012-08-23 19:00:00,336.4900557522575
2012-08-23 20:00:00,306.6106667888423
2012-08-23 21:00:00,323.19582331116294
2012-08-23 22:00:00,352.25314129744453
2012-08-23 23:00:00,318.5395638288248
2012-08-24 00:00:00,112.49487142756423
2012-08-24 01:00:00,109.16153438006297
2012-08-24 02:00:00,113.76078308181627
2012-08-24 03:00:00,110.38993578907055
2012-08-24 04:00:00,125.03458357422068
2012-08-24 05:00:00,110.82125688226766
2012-08-24 06:00:00,115.13295057672997
2012-08-24 07:00:00,131.33402356464566
2012-08-24 08:00:00,152.87034068733362
2012-08-24 09:00:00,209.66947284579985
2012-08-24 10:00:00,252.78445479469195
2012-08-24 11:00:00,271.4644227847392
2012-08-24 12:00:00,292.53407954597265
2012-08-24 13:00:00,341.77078677688434
2012-08-24 14:00:00,313.212942486316
2012-08-24 15:00:00,327.75695871597816
2012-08-24 16:00:00,342.9299593192862
2012-08-24 17:00:00,344.0696840621259
2012-08-24 18:00:00,326.33832816088824
2012-08-24 19:00:00,343.4314716054626
2012-08-24 20:00:00,327.13418174839865
2012-08-24 21:00:00,352.491541105224
2012-08-24 22:00:00,354.0237411883128
2012-08-24 23:00:00,336.07470259333803
2012-08-25 00:00:00,130.93428674709776
2012-08-25 01:00:00,121.55148209459307
2012-08-25 02:00:00,119.26057704895562
2012-08-25 03:00:00,121.82622687380805
2012-08-25 04:00:00,138.50133248612545
2012-08-25 05:00:00,136.4117021390533
2012-08-25 06:00:00,130.88555289507295
2012-08-25 07:00:00,137.96540241240962
2012-08-25 08:00:00,162.99599915203808
2012-08-25 09:00:00,187.36120446820945
2012-08-25 10:00:00,212.15939199399574
2012-08-25 11:00:00,243.32585069074455
2012-08-25 12:00:00,205.77612185437647
2012-08-25 13:00:00,297.1423509921325
2012-08-25 14:00:00,175.64517650292152
2012-08-25 15:00:00,223.43773260819552
2012-08-25 16:00:00,236.72999077029547
2012-08-25 17:00:00,249.54138624256169
2012-08-25 18:00:00,285.343286449769
2012-08-25 19:00:00,243.73692326602227
2012-08-25 20:00:00,171.97808271140232
2012-08-25 21:00:00,229.46573014430894
2012-08-25 22:00:00,240.0884906054691
2012-08-25 23:00:00,264.9494132444588
2012-08-26 00:00:00,80.87980327853167
2012-08-26 01:00:00,83.37441976762834
2012-08-26 02:00:00,95.14134597780135
2012-08-26 03:00:00,100.2877230797852
2012-08-26 04:00:00,103.38094780966284
2012-08-26 05:00:00,99.91871769554183
2012-08-26 06:00:00,105.1576906891865
2012-08-26 07:00:00,109.38401631762761
2012-08-26 08:00:00,148.0825581757778
2012-08-26 09:00:00,153.78770641018426
2012-08-26 10:00:00,217.64188148118328
2012-08-26 11:00:00,226.02692838448814
2012-08-26 12:00:00,174.20934341808814
2012-08-26 13:00:00,146.81430047633273
2012-08-26 14:00:00,146.8394237917219
2012-08-26 15:00:00,129.29934060052287
2012-08-26 16:00:00,135.28505324755514
2012-08-26 17:00:00,173.27054017529767
2012-08-26 18:00:00,189.79788860551167
2012-08-26 19:00:00,202.31036745483124
2012-08-26 20:00:00,195.53498899834224
2012-08-26 21:00:00,217.01374756028085
2012-08-26 22:00:00,205.9158944607437
2012-08-26 23:00:00,234.9399113513602
2012-08-27 00:00:00,81.06463455154682
2012-08-27 01:00:00,79.53679320303605
2012-08-27 02:00:00,84.15095396870126
2012-08-27 03:00:00,87.07131242498768
2012-08-27 04:00:00,97.15059316062798
2012-08-27 05:00:00,93.21494344342416
2012-08-27 06:00:00,97.53018483035083
2012-08-27 07:00:00,118.431824038327
2012-08-27 08:00:00,126.71221681089148
2012-08-27 09:00:00,133.07132535909068
2012-08-27 10:00:00,186.81763360223746
2012-08-27 11:00:00,216.76652426920555
2012-08-27 12:00:00,233.00622697151604
2012-08-27 13:00:00,268.428360239729
2012-08-27 14:00:00,320.5761161670608
2012-08-27 15:00:00,341.13224546631994
2012-08-27 16:00:00,352.9620375695563
2012-08-27 17:00:00,380.5061419241436
2012-08-27 18:00:00,363.7635834104229
2012-08-27 19:00:00,300.07238360144135
2012-08-27 20:00:00,311.6332146040079
2012-08-27 21:00:00,311.9372293988779
2012-08-27 22:00:00,274.52581295897704
2012-08-27 23:00:00,285.10952062114563
2012-08-28 00:00:00,102.95958997074088
2012-08-28 01:00:00,94.35383497251537
2012-08-28 02:00:00,107.0825947018225
2012-08-28 03:00:00,92.67604304245513
2012-08-28 04:00:00,106.91580775487401
2012-08-28 05:00:00,119.75816498577765
2012-08-28 06:00:00,114.0644194274529
2012-08-28 07:00:00,131.59052910351565
2012-08-28 08:00:00,138.91517329886443
2012-08-28 09:00:00,173.12003591584917
2012-08-28 10:00:00,213.03631127291655
2012-08-28 11:00:00,264.4831584392481
2012-08-28 12:00:00,307.3398972456703
2012-08-28 13:00:00,344.9292222593671
2012-08-28 14:00:00,384.28801164376546
2012-08-28 15:00:00,404.4064007357676
2012-08-28 16:00:00,417.771638924858
2012-08-28 17:00:00,420.6797898411359
2012-08-28 18:00:00,402.7381440010848
2012-08-28 19:00:00,366.3452317683255
2012-08-28 20:00:00,365.30932185794865
2012-08-28 21:00:00,380.804239516847
2012-08-28 22:00:00,353.37659824341205
2012-08-28 23:00:00,346.72264141004655
2012-08-29 00:00:00,103.91675084016784
2012-08-29 01:00:00,108.9899684359027
2012-08-29 02:00:00,105.73873724201646
2012-08-29 03:00:00,109.81524965254009
2012-08-29 04:00:00,118.36892330156547
2012-08-29 05:00:00,122.92930004074175
2012-08-29 06:00:00,128.6201215292909
2012-08-29 07:00:00,147.80874990105653
2012-08-29 08:00:00,169.8804900091261
2012-08-29 09:00:00,212.89208538463598
2012-08-29 10:00:00,235.82316008246715
2012-08-29 11:00:00,237.31041095164287
2012-08-29 12:00:00,279.2995810607203
2012-08-29 13:00:00,277.0908660759571
2012-08-29 14:00:00,312.6611074715847
2012-08-29 15:00:00,335.75740309182777
2012-08-29 16:00:00,346.8600635905226
2012-08-29 17:00:00,391.38659875619504
2012-08-29 18:00:00,361.9591531159724
2012-08-29 19:00:00,323.79643105224875
2012-08-29 20:00:00,302.7064549558158
2012-08-29 21:00:00,325.70984685021523
2012-08-29 22:00:00,332.0284856614842
2012-08-29 23:00:00,336.0518762578987
2012-08-30 00:00:00,100.73931563248023
2012-08-30 01:00:00,110.17486803434863
2012-08-30 02:00:00,102.2586596313308
2012-08-30 03:00:00,106.99256584756523
2012-08-30 04:00:00,111.94562091774411
2012-08-30 05:00:00,117.12796999852918
2012-08-30 06:00:00,107.38568983144039
2012-08-30 07:00:00,132.2950235969107
2012-08-30 08:00:00,156.00684353755187
2012-08-30 09:00:00,187.72069818016703
2012-08-30 10:00:00,211.82225233443765
2012-08-30 11:00:00,272.96900790898377
2012-08-30 12:00:00,273.2541478950812
2012-08-30 13:00:00,274.51922850305397
2012-08-30 14:00:00,289.36849784124496
2012-08-30 15:00:00,342.4474124791326
2012-08-30 16:00:00,370.39910009427325
2012-08-30 17:00:00,434.56203221756255
2012-08-30 18:00:00,412.2900066077015
2012-08-30 19:00:00,362.84302921121133
2012-08-30 20:00:00,342.3994009953118
2012-08-30 21:00:00,325.45476601682583
2012-08-30 22:00:00,296.0176740300905
2012-08-30 23:00:00,313.7805654133183
2012-08-31 00:00:00,95.65906473660125
2012-08-31 01:00:00,100.08745293206937
2012-08-31 02:00:00,88.57557407267885
2012-08-31 03:00:00,91.9904004304978
2012-08-31 04:00:00,94.00142264572712
2012-08-31 05:00:00,99.08860824714328
2012-08-31 06:00:00,112.23398927239258
2012-08-31 07:00:00,115.26691012189006
2012-08-31 08:00:00,167.8655402624013
2012-08-31 09:00:00,180.49300352865686
2012-08-31 10:00:00,217.64920125621435
2012-08-31 11:00:00,371.99372189599933
2012-08-31 12:00:00,393.51007249817565
2012-08-31 13:00:00,428.0177763494539
2012-08-31 14:00:00,460.15891860861046
2012-08-31 15:00:00,494.98890655611876
2012-08-31 16:00:00,512.1541436035948
2012-08-31 17:00:00,480.56820367451485
2012-08-31 18:00:00,476.8454932731909
2012-08-31 19:00:00,406.4771689807801
2012-08-31 20:00:00,425.2943997554922
2012-08-31 21:00:00,384.12618886972035
2012-08-31 22:00:00,401.90871564901425
2012-08-31 23:00:00,369.66021537318545
2012-09-20 00:00:00,83.88899101222528
2012-09-20 01:00:00,76.61918114957939
2012-09-20 02:00:00,79.8690514155963
2012-09-20 03:00:00,74.9568558676719
2012-09-20 04:00:00,80.49592934186917
2012-09-20 05:00:00,84.22236367678879
2012-09-20 06:00:00,85.85624334315845
2012-09-20 07:00:00,89.98776331301838
2012-09-20 08:00:00,116.57140865880805
2012-09-20 09:00:00,146.33356141742937
2012-09-20 10:00:00,170.69700071142927
2012-09-20 11:00:00,227.9656269774193
2012-09-20 12:00:00,246.63624457588529
2012-09-20 13:00:00,255.21306121235065
2012-09-20 14:00:00,262.17703354529067
2012-09-20 15:00:00,274.31411311711906
2012-09-20 16:00:00,284.8896591816069
2012-09-20 17:00:00,292.6634137655493
2012-09-20 18:00:00,288.6701382766283
2012-09-20 19:00:00,245.46462490119805
2012-09-20 20:00:00,232.88415535530527
2012-09-20 21:00:00,247.3171408054005
2012-09-20 22:00:00,222.05872304423283
2012-09-20 23:00:00,245.56071535411414
2012-09-21 00:00:00,84.49269874923273
2012-09-21 01:00:00,81.97223469394957
2012-09-21 02:00:00,85.7670122978741
2012-09-21 03:00:00,84.15054429734785
2012-09-21 04:00:00,86.10212546956068
2012-09-21 05:00:00,85.2373293974821
2012-09-21 06:00:00,96.3867750990918
2012-09-21 07:00:00,101.75371423514233
2012-09-21 08:00:00,118.72542025271565
2012-09-21 09:00:00,139.73242895187812
2012-09-21 10:00:00,182.98889062957366
2012-09-21 11:00:00,206.44046569646267
2012-09-21 12:00:00,219.56516900076787
2012-09-21 13:00:00,244.97741251290134
2012-09-21 14:00:00,265.04131271546584
2012-09-21 15:00:00,272.2035754891965
2012-09-21 16:00:00,282.6907102823293
2012-09-21 17:00:00,283.6302304039288
2012-09-21 18:00:00,273.12679924868195
2012-09-21 19:00:00,265.03377538859166
2012-09-21 20:00:00,261.37492751937947
2012-09-21 21:00:00,257.3785126409419
2012-09-21 22:00:00,265.3169676760284
2012-09-21 23:00:00,287.0538511351266
2012-09-22 00:00:00,100.34196198374156
2012-09-22 01:00:00,85.92597879590626
2012-09-22 02:00:00,81.52978364632348
2012-09-22 03:00:00,90.83289099707817
2012-09-22 04:00:00,95.037858956563
2012-09-22 05:00:00,100.55378728234714
2012-09-22 06:00:00,104.42780370294273
2012-09-22 07:00:00,117.82427931357729
2012-09-22 08:00:00,144.65156273750344
2012-09-22 09:00:00,161.41142393863473
2012-09-22 10:00:00,185.5190244548095
2012-09-22 11:00:00,220.75405043166154
2012-09-22 12:00:00,250.02336060552778
2012-09-22 13:00:00,274.48422546083447
2012-09-22 14:00:00,300.6122902686097
2012-09-22 15:00:00,312.95559964572954
2012-09-22 16:00:00,312.0706589420764
2012-09-22 17:00:00,326.51748660045143
2012-09-22 18:00:00,326.8053388235732
2012-09-22 19:00:00,310.0560226475252
2012-09-22 20:00:00,344.1790908534115
2012-09-22 21:00:00,327.3052879703049
2012-09-22 22:00:00,337.40052973946956
2012-09-22 23:00:00,381.4624817531072
2012-09-23 00:00:00,228.2871769602898
2012-09-23 01:00:00,168.83600323887154
2012-09-23 02:00:00,174.36675168061066
2012-09-23 03:00:00,160.41702644524617
2012-09-23 04:00:00,159.68158523963126
2012-09-23 05:00:00,161.02869729666602
2012-09-23 06:00:00,157.99658366471849
2012-09-23 07:00:00,174.97875413019474
2012-09-23 08:00:00,204.16381137101766
2012-09-23 09:00:00,228.625094085847
2012-09-23 10:00:00,267.1099935177166
2012-09-23 11:00:00,285.1167275178646
2012-09-23 12:00:00,297.1339121849794
2012-09-23 13:00:00,402.06045951882163
2012-09-23 14:00:00,423.80867761701364
2012-09-23 15:00:00,472.16815372155116
2012-09-23 16:00:00,507.0598799734753
2012-09-23 17:00:00,427.24266916476046
2012-09-23 18:00:00,412.9690407454745
2012-09-23 19:00:00,393.307841801588
2012-09-23 20:00:00,411.51541897804316
2012-09-23 21:00:00,429.71544257842413
2012-09-23 22:00:00,404.6487963939764
2012-09-23 23:00:00,403.6728099986953
2012-09-24 00:00:00,120.93354692258312
2012-09-24 01:00:00,119.26403348104121
2012-09-24 02:00:00,141.2017893565263
2012-09-24 03:00:00,137.49355400286225
2012-09-24 04:00:00,131.44936038218307
2012-09-24 05:00:00,144.48392550687996
2012-09-24 06:00:00,158.01673185749448
2012-09-24 07:00:00,156.4698023777009
2012-09-24 08:00:00,201.97487985510944
2012-09-24 09:00:00,225.3975911155881
2012-09-24 10:00:00,253.41771896930285
2012-09-24 11:00:00,310.0497317738394
2012-09-24 12:00:00,340.4151934550486
2012-09-24 13:00:00,448.82785420454866
2012-09-24 14:00:00,436.88328515690614
2012-09-24 15:00:00,456.12405030573217
2012-09-24 16:00:00,439.9345838045316
2012-09-24 17:00:00,432.1017743179683
2012-09-24 18:00:00,409.5381570179281
2012-09-24 19:00:00,403.20061612398285
2012-09-24 20:00:00,362.62029238053066
2012-09-24 21:00:00,374.5952057873823
2012-09-24 22:00:00,400.78576275824634
2012-09-24 23:00:00,337.3779379515498
2012-09-25 00:00:00,114.83962917769736
2012-09-25 01:00:00,109.39195527255495
2012-09-25 02:00:00,104.9603979981597
2012-09-25 03:00:00,116.06106989658811
2012-09-25 04:00:00,122.79411021128779
2012-09-25 05:00:00,118.89087667747027
2012-09-25 06:00:00,132.7125329301201
2012-09-25 07:00:00,137.82552315838933
2012-09-25 08:00:00,171.44336708304724
2012-09-25 09:00:00,225.81660871942597
2012-09-25 10:00:00,257.6168518654543
2012-09-25 11:00:00,347.264311324747
2012-09-25 12:00:00,374.21716124143967
2012-09-25 13:00:00,371.8017036986431
2012-09-25 14:00:00,433.02107272330437
2012-09-25 15:00:00,468.36568130980595
2012-09-25 16:00:00,470.5223418863251
2012-09-25 17:00:00,490.4799627516246
2012-09-25 18:00:00,494.5372282606273
2012-09-25 19:00:00,471.85644304191254
2012-09-25 20:00:00,467.16104839185067
2012-09-25 21:00:00,488.7875453451429
2012-09-25 22:00:00,509.51990095353176
2012-09-25 23:00:00,539.0920660367628
2012-09-26 00:00:00,148.02155778491925
2012-09-26 01:00:00,156.03221460551458
2012-09-26 02:00:00,174.76990974227826
2012-09-26 03:00:00,182.86061193926065
2012-09-26 04:00:00,153.90306072217925
2012-09-26 05:00:00,159.83643720667007
2012-09-26 06:00:00,160.91885692899194
2012-09-26 07:00:00,158.69733774364522
2012-09-26 08:00:00,186.51319693878276
2012-09-26 09:00:00,245.48353220223788
2012-09-26 10:00:00,230.42467063249183
2012-09-26 11:00:00,290.8702042617805
2012-09-26 12:00:00,311.67620520751285
2012-09-26 13:00:00,347.74928391902426
2012-09-26 14:00:00,425.6292715184974
2012-09-26 15:00:00,446.98966443875156
2012-09-26 16:00:00,481.68267764811577
2012-09-26 17:00:00,489.33298861741514
2012-09-26 18:00:00,502.5563288296456
2012-09-26 19:00:00,469.8471023602494
2012-09-26 20:00:00,394.14857154320754
2012-09-26 21:00:00,431.06573221248686
2012-09-26 22:00:00,336.66520493783037
2012-09-26 23:00:00,408.9891863816728
2012-09-27 00:00:00,128.07813841159185
2012-09-27 01:00:00,134.00731739532083
2012-09-27 02:00:00,140.210978533905
2012-09-27 03:00:00,143.4626878143278
2012-09-27 04:00:00,118.40445164757624
2012-09-27 05:00:00,139.6194718575318
2012-09-27 06:00:00,136.98803580232416
2012-09-27 07:00:00,171.93052549589237
2012-09-27 08:00:00,211.55245295091342
2012-09-27 09:00:00,238.6198812746593
2012-09-27 10:00:00,360.46758741496825
2012-09-27 11:00:00,377.7235542134655
2012-09-27 12:00:00,405.5218934918959
2012-09-27 13:00:00,410.3304902606725
2012-09-27 14:00:00,468.1585398026601
2012-09-27 15:00:00,479.0158598535103
2012-09-27 16:00:00,456.6241301638071
2012-09-27 17:00:00,382.3452079551955
2012-09-27 18:00:00,392.67739663021763
2012-09-27 19:00:00,387.9499654279363
2012-09-27 20:00:00,416.73152345333233
2012-09-27 21:00:00,265.75791640233774
2012-09-27 22:00:00,278.06076739809924
2012-09-27 23:00:00,281.3579558584322
2012-09-28 00:00:00,88.33413418997942
2012-09-28 01:00:00,88.71810246144805
2012-09-28 02:00:00,99.99299903269265
2012-09-28 03:00:00,147.2674369723978
2012-09-28 04:00:00,101.08947414552131
2012-09-28 05:00:00,128.03613858093587
2012-09-28 06:00:00,138.76653660121784
2012-09-28 07:00:00,141.98474704091745
2012-09-28 08:00:00,168.69011656323042
2012-09-28 09:00:00,197.86941705193766
2012-09-28 10:00:00,227.39518393125852
2012-09-28 11:00:00,270.5395525856761
2012-09-28 12:00:00,378.8915425304604
2012-09-28 13:00:00,409.81792027751254
2012-09-28 14:00:00,414.7839326466071
2012-09-28 15:00:00,423.86217666679573
2012-09-28 16:00:00,442.6613052327064
2012-09-28 17:00:00,451.4069967749561
2012-09-28 18:00:00,484.5946040089854
2012-09-28 19:00:00,379.776174424678
2012-09-28 20:00:00,375.90054333008374
2012-09-28 21:00:00,396.2337216022158
2012-09-28 22:00:00,480.7935459194337
2012-09-28 23:00:00,468.14235514110413
2012-09-29 00:00:00,142.82935014210375
2012-09-29 01:00:00,149.44141361854776
2012-09-29 02:00:00,176.93008018433386
2012-09-29 03:00:00,172.27449314945247
2012-09-29 04:00:00,169.0005398078807
2012-09-29 05:00:00,161.5380797768967
2012-09-29 06:00:00,171.54939528051796
2012-09-29 07:00:00,167.71113367016613
2012-09-29 08:00:00,179.01707446665574
2012-09-29 09:00:00,193.59268508606232
2012-09-29 10:00:00,236.48714477614112
2012-09-29 11:00:00,268.7902053245373
2012-09-29 12:00:00,384.36988576194966
2012-09-29 13:00:00,402.1636941113049
2012-09-29 14:00:00,420.74173681449906
2012-09-29 15:00:00,425.8401196958543
2012-09-29 16:00:00,455.5280242303847
2012-09-29 17:00:00,505.70841972574794
2012-09-29 18:00:00,385.59951324116116
2012-09-29 19:00:00,340.5924280069026
2012-09-29 20:00:00,359.0157228908406
2012-09-29 21:00:00,370.0890255679529
2012-09-29 22:00:00,340.956355769051
2012-09-29 23:00:00,371.50943412585656
2012-09-30 00:00:00,128.3047176988574
2012-09-30 01:00:00,134.24438581964645
2012-09-30 02:00:00,130.2665886188217
2012-09-30 03:00:00,129.23412206993493
2012-09-30 04:00:00,135.21681552613813
2012-09-30 05:00:00,126.90056001214919
2012-09-30 06:00:00,135.7730610353446
2012-09-30 07:00:00,131.44165155966314
2012-09-30 08:00:00,167.81589587689123
2012-09-30 09:00:00,195.3345559600779
2012-09-30 10:00:00,274.9535472655678
2012-09-30 11:00:00,352.7017175918887
2012-09-30 12:00:00,384.36988576194966
2012-09-30 13:00:00,397.69907378137316
2012-09-30 14:00:00,416.1099362389077
2012-09-30 15:00:00,460.14969467525657
2012-09-30 16:00:00,477.88970169604187
2012-09-30 17:00:00,513.1560531686123
2012-09-30 18:00:00,334.2279783454809
2012-09-30 19:00:00,218.48090605778148
2012-09-30 20:00:00,228.59514110686473
2012-09-30 21:00:00,300.39914220565373
2012-09-30 22:00:00,291.4980111847924
2012-09-30 23:00:00,311.87866515707503
2012-10-20 00:00:00,96.63656878445568
2012-10-20 01:00:00,112.9458031757222
2012-10-20 02:00:00,107.59064811693544
2012-10-20 03:00:00,109.92010276796277
2012-10-20 04:00:00,121.28582084661655
2012-10-20 05:00:00,106.73970732021255
2012-10-20 06:00:00,130.12138476783133
2012-10-20 07:00:00,116.85115818668943
2012-10-20 08:00:00,163.86348647173858
2012-10-20 09:00:00,199.36926639526288
2012-10-20 10:00:00,232.56275237251165
2012-10-20 11:00:00,256.72378516521906
2012-10-20 12:00:00,287.4284110917985
2012-10-20 13:00:00,315.5487735341891
2012-10-20 14:00:00,327.6217390148937
2012-10-20 15:00:00,331.59173038869886
2012-10-20 16:00:00,364.9803641502767
2012-10-20 17:00:00,397.64889813674387
2012-10-20 18:00:00,394.42314728867217
2012-10-20 19:00:00,366.01459646082805
2012-10-20 20:00:00,418.49813782505134
2012-10-20 21:00:00,376.55162288977084
2012-10-20 22:00:00,354.6826089528143
2012-10-20 23:00:00,324.306691514101
2012-10-21 00:00:00,128.67701727519903
2012-10-21 01:00:00,126.70954950301389
2012-10-21 02:00:00,121.13941891515131
2012-10-21 03:00:00,115.36121560501174
2012-10-21 04:00:00,105.97417314466145
2012-10-21 05:00:00,126.28938182143003
2012-10-21 06:00:00,139.35729066762732
2012-10-21 07:00:00,145.80862053003173
2012-10-21 08:00:00,148.89692406006458
2012-10-21 09:00:00,197.27025276989454
2012-10-21 10:00:00,245.45062127912766
2012-10-21 11:00:00,279.0354308840686
2012-10-21 12:00:00,318.3657073557747
2012-10-21 13:00:00,344.82384668205566
2012-10-21 14:00:00,363.41684066999346
2012-10-21 15:00:00,393.1908486496241
2012-10-21 16:00:00,380.05484778514955
2012-10-21 17:00:00,379.7815482392922
2012-10-21 18:00:00,391.4953417215749
2012-10-21 19:00:00,381.203366606963
2012-10-21 20:00:00,381.0075893502904
2012-10-21 21:00:00,322.5884034257794
2012-10-21 22:00:00,323.9906214108766
2012-10-21 23:00:00,349.75330229000684
2012-10-22 00:00:00,106.12324060197103
2012-10-22 01:00:00,100.50702755122725
2012-10-22 02:00:00,101.92343645635952
2012-10-22 03:00:00,121.55449510278892
2012-10-22 04:00:00,117.92845711134112
2012-10-22 05:00:00,112.95191473865158
2012-10-22 06:00:00,111.04133211082153
2012-10-22 07:00:00,138.12608453216902
2012-10-22 08:00:00,153.4841219563247
2012-10-22 09:00:00,177.06393998743886
2012-10-22 10:00:00,210.67333960713725
2012-10-22 11:00:00,307.75589939870525
2012-10-22 12:00:00,326.04757199225963
2012-10-22 13:00:00,443.77291841147763
2012-10-22 14:00:00,463.6259439805174
2012-10-22 15:00:00,485.8115202874358
2012-10-22 16:00:00,486.28545529424616
2012-10-22 17:00:00,501.284202398109
2012-10-22 18:00:00,299.2477268888682
2012-10-22 19:00:00,346.576089284414
2012-10-22 20:00:00,325.2547612820498
2012-10-22 21:00:00,300.8278556372975
2012-10-22 22:00:00,261.2886239855205
2012-10-22 23:00:00,271.36200244820907
2012-10-23 00:00:00,91.01942604869039
2012-10-23 01:00:00,107.56480602333697
2012-10-23 02:00:00,95.87795182510632
2012-10-23 03:00:00,113.30650760712851
2012-10-23 04:00:00,114.05320904317877
2012-10-23 05:00:00,122.66605757479283
2012-10-23 06:00:00,114.09797280104725
2012-10-23 07:00:00,145.91202081235932
2012-10-23 08:00:00,165.8273652480278
2012-10-23 09:00:00,185.34660482137556
2012-10-23 10:00:00,212.18945183554027
2012-10-23 11:00:00,298.334684062906
2012-10-23 12:00:00,373.382143932116
2012-10-23 13:00:00,390.593944491406
2012-10-23 14:00:00,419.4691948962975
2012-10-23 15:00:00,445.46578009748816
2012-10-23 16:00:00,436.0249128730151
2012-10-23 17:00:00,461.2015666807499
2012-10-23 18:00:00,418.7693218612195
2012-10-23 19:00:00,419.1778536335637
2012-10-23 20:00:00,351.2572429308628
2012-10-23 21:00:00,329.5633108567317
2012-10-23 22:00:00,353.91699234595836
2012-10-23 23:00:00,339.64937003589114
2012-10-24 00:00:00,119.50543840084656
2012-10-24 01:00:00,129.23559817595083
2012-10-24 02:00:00,135.2183599661951
2012-10-24 03:00:00,123.0173586555228
2012-10-24 04:00:00,128.7122566812124
2012-10-24 05:00:00,124.60609980462688
2012-10-24 06:00:00,129.72249620608616
2012-10-24 07:00:00,130.52623959399133
2012-10-24 08:00:00,161.81709760567097
2012-10-24 09:00:00,180.26461338306527
2012-10-24 10:00:00,198.91765849192262
2012-10-24 11:00:00,226.0527021480486
2012-10-24 12:00:00,283.2090861567018
2012-10-24 13:00:00,323.00054237426
2012-10-24 14:00:00,499.7525011032618
2012-10-24 15:00:00,442.0870860133915
2012-10-24 16:00:00,513.7098887619785
2012-10-24 17:00:00,418.2826414442269
2012-10-24 18:00:00,452.4242506444347
2012-10-24 19:00:00,474.3244698740049
2012-10-24 20:00:00,440.33418395808735
2012-10-24 21:00:00,462.4325494018171
2012-10-24 22:00:00,471.52459253414435
2012-10-24 23:00:00,412.0647621591835
2012-10-25 00:00:00,172.9426959026754
2012-10-25 01:00:00,137.54493372574998
2012-10-25 02:00:00,122.3962418862316
2012-10-25 03:00:00,123.01109979213575
2012-10-25 04:00:00,127.7535081848808
2012-10-25 05:00:00,135.67102632611244
2012-10-25 06:00:00,143.00973124048542
2012-10-25 07:00:00,149.63014518041066
2012-10-25 08:00:00,164.24235965109935
2012-10-25 09:00:00,173.126542549683
2012-10-25 10:00:00,184.13327273409192
2012-10-25 11:00:00,191.2321051116039
2012-10-25 12:00:00,218.14156306457383
2012-10-25 13:00:00,222.37342083633013
2012-10-25 14:00:00,266.0637269519391
2012-10-25 15:00:00,313.8160322614929
2012-10-25 16:00:00,306.731596627449
2012-10-25 17:00:00,320.93126066788466
2012-10-25 18:00:00,250.135165826914
2012-10-25 19:00:00,259.4343262946647
2012-10-25 20:00:00,265.4935151873973
2012-10-25 21:00:00,277.7841261385548
2012-10-25 22:00:00,313.42735266685634
2012-10-25 23:00:00,331.6101852317798
2012-10-26 00:00:00,121.03423623856492
2012-10-26 01:00:00,111.1219433136906
2012-10-26 02:00:00,116.69864710282245
2012-10-26 03:00:00,123.93104070689184
2012-10-26 04:00:00,129.66823622756357
2012-10-26 05:00:00,133.6676589152203
2012-10-26 06:00:00,139.3372907713557
2012-10-26 07:00:00,146.32999423063956
2012-10-26 08:00:00,159.1430633684588
2012-10-26 09:00:00,166.5103449235529
2012-10-26 10:00:00,172.92976608618537
2012-10-26 11:00:00,211.6146266049871
2012-10-26 12:00:00,243.24145105482663
2012-10-26 13:00:00,265.0134212516412
2012-10-26 14:00:00,328.30409039482834
2012-10-26 15:00:00,352.47421685528644
2012-10-26 16:00:00,289.35210066125035
2012-10-26 17:00:00,285.96093916978185
2012-10-26 18:00:00,288.3264169538419
2012-10-26 19:00:00,278.7723070182933
2012-10-26 20:00:00,291.67763906416286
2012-10-26 21:00:00,323.71729406129765
2012-10-26 22:00:00,307.1839187106081
2012-10-26 23:00:00,299.1166677739819
2012-10-27 00:00:00,96.24072554452914
2012-10-27 01:00:00,109.00829822325592
2012-10-27 02:00:00,115.76408278831362
2012-10-27 03:00:00,111.05936967407115
2012-10-27 04:00:00,125.7928264923203
2012-10-27 05:00:00,141.70311903968988
2012-10-27 06:00:00,148.26304539213987
2012-10-27 07:00:00,137.38685653937563
2012-10-27 08:00:00,160.83889445164908
2012-10-27 09:00:00,168.28468187935428
2012-10-27 10:00:00,197.38569733931496
2012-10-27 11:00:00,235.35494689474774
2012-10-27 12:00:00,332.8211866964746
2012-10-27 13:00:00,388.9910074226151
2012-10-27 14:00:00,393.70464745333703
2012-10-27 15:00:00,319.1644847355969
2012-10-27 16:00:00,319.4758466855096
2012-10-27 17:00:00,334.26548603746033
2012-10-27 18:00:00,349.7397888293244
2012-10-27 19:00:00,310.03824418866185
2012-10-27 20:00:00,324.3909843548883
2012-10-27 21:00:00,339.40816239012184
2012-10-27 22:00:00,357.76739808517374
2012-10-27 23:00:00,404.6030489854954
2012-10-28 00:00:00,103.88972371336199
2012-10-28 01:00:00,135.0632003229783
2012-10-28 02:00:00,148.26309628459393
2012-10-28 03:00:00,165.18093218704504
2012-10-28 04:00:00,174.11588426655524
2012-10-28 05:00:00,179.48622813854973
2012-10-28 06:00:00,197.7654715756715
2012-10-28 07:00:00,205.38474385787524
2012-10-28 08:00:00,228.91657977046583
2012-10-28 09:00:00,242.11782703501297
2012-10-28 10:00:00,256.698746127797
2012-10-28 11:00:00,275.00389434402484
2012-10-28 12:00:00,262.02573281687745
2012-10-28 13:00:00,269.1065049904159
2012-10-28 14:00:00,292.6173420223903
2012-10-28 15:00:00,296.1835893277284
2012-10-28 16:00:00,212.10142572666902
2012-10-28 17:00:00,195.43704849763114
2012-10-28 18:00:00,157.99178755793523
2012-10-28 19:00:00,159.8652222881846
2012-10-28 20:00:00,171.6787542456402
2012-10-28 21:00:00,195.85862899876494
2012-10-28 22:00:00,201.89959529228534
2012-10-28 23:00:00,191.587876229517
2012-10-29 00:00:00,74.53498146295541
2012-10-30 13:00:00,102.94854579295713
2012-10-30 14:00:00,107.71438922018945
2012-10-30 15:00:00,106.01052945940295
2012-10-30 16:00:00,110.9181226764805
2012-10-30 17:00:00,115.19431431103487
2012-10-30 18:00:00,121.58347446390756
2012-10-30 19:00:00,311.48381216959945
2012-10-30 20:00:00,188.24790937664568
2012-10-30 21:00:00,191.82946424236474
2012-10-30 22:00:00,193.4709683804585
2012-10-30 23:00:00,202.42740711316915
2012-10-31 00:00:00,79.25683475815104
2012-10-31 01:00:00,82.61858343249784
2012-10-31 02:00:00,84.72134328856521
2012-10-31 03:00:00,90.78147706218175
2012-10-31 04:00:00,85.39432270356585
2012-10-31 05:00:00,97.04057329436966
2012-10-31 06:00:00,94.4920979083998
2012-10-31 07:00:00,99.40662138072418
2012-10-31 08:00:00,109.27709736916437
2012-10-31 09:00:00,120.84263943302939
2012-10-31 10:00:00,138.69748523214338
2012-10-31 11:00:00,168.7803614220024
2012-10-31 12:00:00,200.39063140370644
2012-10-31 13:00:00,238.07475760685142
2012-10-31 14:00:00,269.6584427205853
2012-10-31 15:00:00,245.65723535634345
2012-10-31 16:00:00,282.4171069496445
2012-10-31 17:00:00,270.00209819832344
2012-10-31 18:00:00,282.5014270147339
2012-10-31 19:00:00,325.35628308926294
2012-10-31 20:00:00,340.4181481338476
2012-10-31 21:00:00,356.1772788850202
2012-10-31 22:00:00,277.0986056169682
2012-10-31 23:00:00,295.75830619513965
2012-11-20 00:00:00,85.93769380106889
2012-11-20 01:00:00,96.25385728607736
2012-11-20 02:00:00,94.24435775377735
2012-11-20 03:00:00,107.92816063623792
2012-11-20 04:00:00,118.28663883179958
2012-11-20 05:00:00,121.93501318124544
2012-11-20 06:00:00,121.61305174428323
2012-11-20 07:00:00,109.16306700488771
2012-11-20 08:00:00,122.06867784436889
2012-11-20 09:00:00,146.82810957861022
2012-11-20 10:00:00,176.70924202893312
2012-11-20 11:00:00,188.62177392142377
2012-11-20 12:00:00,192.99620436305847
2012-11-20 13:00:00,230.16841850844483
2012-11-20 14:00:00,247.17713327909627
2012-11-20 15:00:00,275.7851567197245
2012-11-20 16:00:00,249.97518824763642
2012-11-20 17:00:00,233.81346726037697
2012-11-20 18:00:00,253.79748770264712
2012-11-20 19:00:00,245.7008827152025
2012-11-20 20:00:00,235.74733968355042
2012-11-20 21:00:00,233.45550802491042
2012-11-20 22:00:00,244.26296907160992
2012-11-20 23:00:00,213.8487815361916
2012-11-21 00:00:00,78.3122159780236
2012-11-21 01:00:00,79.01865434496678
2012-11-21 02:00:00,70.46753475098407
2012-11-21 03:00:00,73.72972009551202
2012-11-21 04:00:00,77.14292325639565
2012-11-21 05:00:00,80.71413536946788
2012-11-21 06:00:00,86.79149757148353
2012-11-21 07:00:00,88.0327210510615
2012-11-21 08:00:00,109.9199226784011
2012-11-21 09:00:00,119.50408269778748
2012-11-21 10:00:00,156.77728186786882
2012-11-21 11:00:00,209.25891962505898
2012-11-21 12:00:00,257.43495010969536
2012-11-21 13:00:00,290.00258144192236
2012-11-21 14:00:00,317.6297379637958
2012-11-21 15:00:00,313.22318957596855
2012-11-21 16:00:00,332.1091479269295
2012-11-21 17:00:00,304.4073514940589
2012-11-21 18:00:00,330.9401472538567
2012-11-21 19:00:00,314.76665469984795
2012-11-21 20:00:00,240.36560214575985
2012-11-21 21:00:00,294.55189001883855
2012-11-21 22:00:00,302.02782250577854
2012-11-21 23:00:00,268.24015258081687
2012-11-22 00:00:00,85.00910388814434
2012-11-22 01:00:00,84.50142113317375
2012-11-22 02:00:00,72.09305437402891
2012-11-22 03:00:00,75.71107613920627
2012-11-22 04:00:00,70.94763339662286
2012-11-22 05:00:00,82.88318524133348
2012-11-22 06:00:00,94.54619332754481
2012-11-22 07:00:00,85.88868998980739
2012-11-22 08:00:00,92.6992133322186
2012-11-22 09:00:00,126.31587791095085
2012-11-22 10:00:00,157.74042812345252
2012-11-22 11:00:00,222.34586716928015
2012-11-22 12:00:00,250.84585920909188
2012-11-22 13:00:00,282.9938791092114
2012-11-22 14:00:00,312.3355692062897
2012-11-22 15:00:00,326.794660474916
2012-11-22 16:00:00,317.0461945437929
2012-11-22 17:00:00,314.53897746136306
2012-11-22 18:00:00,283.01240010458105
2012-11-22 19:00:00,193.085087546651
2012-11-22 20:00:00,206.949274000694
2012-11-22 21:00:00,239.7742299109004
2012-11-22 22:00:00,245.33496486018944
2012-11-22 23:00:00,225.20057530509703
2012-11-23 00:00:00,85.15313724532939
2012-11-23 01:00:00,73.96984384088682
2012-11-23 02:00:00,80.18011958054912
2012-11-23 03:00:00,89.4432869202387
2012-11-23 04:00:00,82.779682982456407
2012-11-23 05:00:00,84.0399145756622
2012-11-23 06:00:00,87.93041221621249
2012-11-23 07:00:00,92.001014417406
2012-11-23 08:00:00,86.5436468028744
2012-11-23 09:00:00,110.47238601984982
2012-11-23 10:00:00,150.39110128230772
2012-11-23 11:00:00,209.25891962505898
2012-11-23 12:00:00,270.1163068376486
2012-11-23 13:00:00,293.7153665109364
2012-11-23 14:00:00,331.91114765373715
2012-11-23 15:00:00,318.53065731945225
2012-11-23 16:00:00,347.62051504629386
2012-11-23 17:00:00,370.47715838731665
2012-11-23 18:00:00,347.6201613749138
2012-11-23 19:00:00,366.5268173745672
2012-11-23 20:00:00,371.60700915219996
2012-11-23 21:00:00,379.01059178386294
2012-11-23 22:00:00,479.95695154106835
2012-11-23 23:00:00,452.03193196733446
2012-11-24 00:00:00,155.46110783317746
2012-11-24 01:00:00,122.19718771510821
2012-11-24 02:00:00,131.97233597479652
2012-11-24 03:00:00,122.90775013550399
2012-11-24 04:00:00,119.75427352442827
2012-11-24 05:00:00,125.48703796723176
2012-11-24 06:00:00,121.73226089069435
2012-11-24 07:00:00,148.71440791322638
2012-11-24 08:00:00,150.84890846283108
2012-11-24 09:00:00,162.55701625653214
2012-11-24 10:00:00,163.5517685119048
2012-11-24 11:00:00,188.2754609182707
2012-11-24 12:00:00,225.1132721920209
2012-11-24 13:00:00,222.57475965885052
2012-11-24 14:00:00,241.32338455866824
2012-11-24 15:00:00,236.73066032212876
2012-11-24 16:00:00,226.7869553892735
2012-11-24 17:00:00,219.23087584122658
2012-11-24 18:00:00,237.1252232177926
2012-11-24 19:00:00,239.41450006101783
2012-11-24 20:00:00,229.3795962069559
2012-11-24 21:00:00,242.15174602345223
2012-11-24 22:00:00,257.15909000415206
2012-11-24 23:00:00,265.09077727638993
2012-11-25 00:00:00,89.08945962918234
2012-11-25 01:00:00,97.95293828268345
2012-11-25 02:00:00,100.31788165816431
2012-11-25 03:00:00,112.17050973163688
2012-11-25 04:00:00,117.36326969163636
2012-11-25 05:00:00,122.02003903723345
2012-11-25 06:00:00,129.75092448118065
2012-11-25 07:00:00,129.87750341706354
2012-11-25 08:00:00,134.7058998619754
2012-11-25 09:00:00,146.7906679077666
2012-11-25 10:00:00,142.93209593687732
2012-11-25 11:00:00,184.80787112985195
2012-11-25 12:00:00,193.36326519725694
2012-11-25 13:00:00,199.32726572882936
2012-11-25 14:00:00,224.47133534564225
2012-11-25 15:00:00,216.95378560890074
2012-11-25 16:00:00,232.9261739758436
2012-11-25 17:00:00,227.62509251192282
2012-11-25 18:00:00,223.33899222318252
2012-11-25 19:00:00,254.57735558348367
2012-11-25 20:00:00,209.2396784102873
2012-11-25 21:00:00,257.91358706805835
2012-11-25 22:00:00,229.06094999402953
2012-11-25 23:00:00,208.43522060407543
2012-11-26 00:00:00,74.18776677039557
2012-11-26 01:00:00,75.24874164223745
2012-11-26 02:00:00,78.73226555217596
2012-11-26 03:00:00,82.37705380443151
2012-11-26 04:00:00,88.90912278674715
2012-11-26 05:00:00,88.27152856959933
2012-11-26 06:00:00,97.33148264897547
2012-11-26 07:00:00,109.82792029661455
2012-11-26 08:00:00,114.9122337081406
2012-11-26 09:00:00,140.1104350047849
2012-11-26 10:00:00,170.1054806521683
2012-11-26 11:00:00,248.02225184944496
2012-11-26 12:00:00,260.765985896126
2012-11-26 13:00:00,272.8377432032008
2012-11-26 14:00:00,278.130684666452
2012-11-26 15:00:00,297.57673584265603
2012-11-26 16:00:00,332.0238961922547
2012-11-26 17:00:00,329.3304991534581
2012-11-26 18:00:00,251.7147535783213
2012-11-26 19:00:00,252.26464898266403
2012-11-26 20:00:00,275.892527529095
2012-11-26 21:00:00,288.6645446452129
2012-11-26 22:00:00,256.37181653628153
2012-11-26 23:00:00,273.3169586601109
2012-11-27 00:00:00,96.16641704240801
2012-11-27 01:00:00,97.33843652447707
2012-11-27 02:00:00,99.4688519281656
2012-11-27 03:00:00,79.22496231639543
2012-11-27 04:00:00,67.84919724264913
2012-11-27 05:00:00,96.19740448593419
2012-11-27 06:00:00,102.29223218762715
2012-11-27 07:00:00,78.98252773429934
2012-11-27 08:00:00,85.90060228226807
2012-11-27 09:00:00,123.77411279467225
2012-11-27 10:00:00,94.73886900276695
2012-11-27 11:00:00,86.69766084562137
2012-11-27 12:00:00,89.92302080254379
2012-11-27 13:00:00,93.85687969550408
2012-11-27 14:00:00,97.71069585923287
2012-11-27 15:00:00,159.6029278399593
2012-11-27 16:00:00,166.99149810828428
2012-11-27 17:00:00,178.667035534509
2012-11-27 18:00:00,146.0901451526548
2012-11-27 19:00:00,175.1201706892981
2012-11-27 20:00:00,169.6477151967843
2012-11-27 21:00:00,159.1960573792728
2012-11-27 22:00:00,172.07854237702915
2012-11-27 23:00:00,199.30267684547655
2012-11-28 00:00:00,75.2189953186828
2012-11-28 01:00:00,80.59942433756245
2012-11-28 02:00:00,84.33064981296073
2012-11-28 03:00:00,93.25593883660662
2012-11-28 04:00:00,96.84879245391144
2012-11-28 05:00:00,102.98489047316643
2012-11-28 06:00:00,112.89496262220658
2012-11-28 07:00:00,129.52686570661152
2012-11-28 08:00:00,111.53069481895115
2012-11-28 09:00:00,141.23303920184438
2012-11-28 10:00:00,164.04572449299786
2012-11-28 11:00:00,182.09969873275043
2012-11-28 12:00:00,201.85521348643263
2012-11-28 13:00:00,214.1658909531231
2012-11-28 14:00:00,235.14073946517613
2012-11-28 15:00:00,270.8178299178239
2012-11-28 16:00:00,287.52076169375965
2012-11-28 17:00:00,285.6183868624103
2012-11-28 18:00:00,285.04901344713227
2012-11-28 19:00:00,288.93813349985095
2012-11-28 20:00:00,309.5345541873314
2012-11-28 21:00:00,296.56061363657886
2012-11-28 22:00:00,272.8094961401041
2012-11-28 23:00:00,274.0656887022492
2012-11-29 00:00:00,84.92585263061073
2012-11-29 01:00:00,81.3267375251623
2012-11-29 02:00:00,85.83745972414076
2012-11-29 04:00:00,77.49056566666836
2012-11-29 05:00:00,90.18063087036658
2012-11-29 06:00:00,97.33148264897547
2012-11-29 07:00:00,104.34168067344581
2012-11-29 08:00:00,99.61400449413598
2012-11-29 09:00:00,127.07418076383912
2012-11-29 10:00:00,132.69556481088816
2012-11-29 11:00:00,214.92775824004818
2012-11-29 12:00:00,214.32000965901372
2012-11-29 13:00:00,266.98662642714686
2012-11-29 14:00:00,230.36048035154258
2012-11-29 15:00:00,237.10809039807663
2012-11-29 16:00:00,260.6978899833842
2012-11-29 17:00:00,265.33030644425355
2012-11-29 18:00:00,239.14083384017152
2012-11-29 19:00:00,229.11169128992307
2012-11-29 20:00:00,245.44961085671696
2012-11-29 21:00:00,207.40537227852707
2012-11-29 22:00:00,209.49534696769197
2012-11-29 23:00:00,252.03528501246632
2012-11-30 00:00:00,74.09826600561792
2012-11-30 01:00:00,76.10063781238516
2012-11-30 02:00:00,78.4097620167653
2012-11-30 03:00:00,82.03962046751022
2012-11-30 04:00:00,83.19577493585962
2012-11-30 05:00:00,79.84186449852778
2012-11-30 06:00:00,78.16982201135534
2012-11-30 07:00:00,90.16214743011714
2012-11-30 08:00:00,101.2359864718781
2012-11-30 09:00:00,103.41387372839975
2012-11-30 10:00:00,149.5097271685955
2012-11-30 11:00:00,188.48878095729017
2012-11-30 12:00:00,228.79367576476997
2012-11-30 13:00:00,274.9718740728549
2012-11-30 14:00:00,283.45297001145065
2012-11-30 15:00:00,312.7779290168516
2012-11-30 16:00:00,279.346546971044
2012-11-30 17:00:00,242.37071147013867
2012-11-30 18:00:00,238.88560519197017
2012-11-30 19:00:00,211.77379297554623
2012-11-30 20:00:00,221.5775326159522
2012-11-30 21:00:00,201.62564545775487
2012-11-30 22:00:00,212.8086499963089
2012-11-30 23:00:00,238.9461012873857
2012-12-20 00:00:00,94.94044781096144
2012-12-20 01:00:00,93.77975460008946
2012-12-20 02:00:00,98.12114304444076
2012-12-20 03:00:00,102.15681799659369
2012-12-20 04:00:00,106.88600961213335
2012-12-20 05:00:00,112.25013119815074
2012-12-20 06:00:00,124.7542706690904
2012-12-20 07:00:00,123.50125858998908
2012-12-20 08:00:00,129.2185580134289
2012-12-20 09:00:00,135.20053095574963
2012-12-20 10:00:00,147.86382618049973
2012-12-20 11:00:00,175.1971561972892
2012-12-20 12:00:00,200.9149565190435
2012-12-20 13:00:00,202.60992316131006
2012-12-20 14:00:00,221.58698822398608
2012-12-20 15:00:00,214.97692549425133
2012-12-20 16:00:00,228.4324486290588
2012-12-20 17:00:00,213.02534642993493
2012-12-20 18:00:00,210.88575368653727
2012-12-20 19:00:00,161.41564129974236
2012-12-20 20:00:00,161.19902065173292
2012-12-20 21:00:00,168.66147956391995
2012-12-20 22:00:00,157.40255837630465
2012-12-20 23:00:00,208.7914207337333
2012-12-21 00:00:00,43.568329714173466
2012-12-21 01:00:00,48.09466005817261
2012-12-21 02:00:00,48.57265863520299
2012-12-21 03:00:00,50.82125461212277
2012-12-21 04:00:00,71.54228971352033
2012-12-21 05:00:00,67.37979173493059
2012-12-21 06:00:00,87.86362116408269
2012-12-21 07:00:00,88.82283674733725
2012-12-21 08:00:00,92.10831380506401
2012-12-21 09:00:00,110.5727353183355
2012-12-21 10:00:00,111.47232483069111
2012-12-21 11:00:00,124.85888378035779
2012-12-21 12:00:00,133.0560765972
2012-12-21 13:00:00,141.30222118631673
2012-12-21 14:00:00,148.94923976151742
2012-12-21 15:00:00,143.95694583584324
2012-12-21 16:00:00,153.4079581035481
2012-12-21 17:00:00,121.1224757503463
2012-12-21 18:00:00,125.78893807505685
2012-12-21 19:00:00,146.14832192384557
2012-12-21 20:00:00,163.04806798325262
2012-12-21 21:00:00,161.87880096087312
2012-12-21 22:00:00,159.03745657505507
2012-12-21 23:00:00,171.0121648819667
2012-12-22 00:00:00,61.18372290630779
2012-12-22 01:00:00,61.90922714415698
2012-12-22 02:00:00,65.99061024546768
2012-12-22 03:00:00,64.83841057280749
2012-12-22 04:00:00,69.92907814216325
2012-12-22 05:00:00,72.69080134387785
2012-12-22 06:00:00,79.499244114287265
2012-12-22 07:00:00,83.17953845078036
2012-12-22 08:00:00,88.52968672262767
2012-12-22 09:00:00,86.47060760569055
2012-12-22 10:00:00,89.137664087177
2012-12-22 11:00:00,108.05745458927201
2012-12-22 12:00:00,128.72106601681506
2012-12-22 13:00:00,136.06871914536643
2012-12-22 14:00:00,142.89738789441975
2012-12-22 15:00:00,154.32844599574668
2012-12-22 16:00:00,146.1236164663716
2012-12-22 17:00:00,139.67381823158712
2012-12-22 18:00:00,134.11504059693902
2012-12-22 19:00:00,130.79522995124955
2012-12-22 20:00:00,138.7755832490559
2012-12-22 21:00:00,135.9574896978995
2012-12-22 22:00:00,142.25143104179065
2012-12-22 23:00:00,150.17217298623763
2012-12-23 00:00:00,54.94264076256078
2012-12-23 01:00:00,58.00191739717583
2012-12-23 02:00:00,55.855374762017014
2012-12-23 03:00:00,58.00730404140843
2012-12-23 04:00:00,63.44044554666342
2012-12-23 05:00:00,67.43633983757245
2012-12-23 06:00:00,55.15965767634822
2012-12-23 07:00:00,57.713188568507725
2012-12-23 08:00:00,53.88167357610261
2012-12-23 09:00:00,71.33366788434424
2012-12-23 10:00:00,72.20981946002722
2012-12-23 11:00:00,86.28590806438926
2012-12-23 12:00:00,114.23346567494339
2012-12-23 13:00:00,128.4079004465028
2012-12-23 14:00:00,149.54730088243036
2012-12-23 15:00:00,154.63299972760927
2012-12-23 16:00:00,164.21637319399275
2012-12-23 17:00:00,141.08172631332502
2012-12-23 18:00:00,148.44085825939985
2012-12-23 19:00:00,164.02955718706005
2012-12-23 20:00:00,125.008766936269
2012-12-23 21:00:00,119.96922966999819
2012-12-23 22:00:00,135.22129053593255
2012-12-23 23:00:00,146.70738426169348
2012-12-24 00:00:00,45.41294927676382
2012-12-24 01:00:00,47.515271404335984
2012-12-24 02:00:00,45.09777381601051
2012-12-24 03:00:00,47.18550538393473
2012-12-24 05:00:00,44.615649668853465
2012-12-24 06:00:00,54.04669373625956
2012-12-24 07:00:00,60.43210085620449
2012-12-24 08:00:00,65.22404998898288
2012-12-24 09:00:00,76.835329306174
2012-12-24 10:00:00,85.99128075023475
2012-12-24 11:00:00,90.23318438849155
2012-12-24 12:00:00,106.34708147537475
2012-12-24 13:00:00,57.34895409034792
2012-12-24 14:00:00,56.14795648794689
2012-12-24 15:00:00,56.86519825617542
2012-12-24 16:00:00,59.497684507049705
2012-12-24 17:00:00,59.20171826128322
2012-12-24 18:00:00,62.965539393264535
2012-12-24 19:00:00,86.5236573529959
2012-12-24 20:00:00,67.30681454242418
2012-12-24 21:00:00,71.85400204259601
2012-12-24 22:00:00,105.24456674123564
2012-12-24 23:00:00,81.86982325944012
2012-12-25 00:00:00,26.583764774839434
2012-12-25 01:00:00,40.730302923635854
2012-12-25 02:00:00,42.61584919320809
2012-12-25 04:00:00,45.79361255505411
2012-12-25 05:00:00,42.5979183818329
2012-12-25 06:00:00,44.56992301550815
2012-12-25 07:00:00,46.98196598506237
2012-12-25 08:00:00,57.11955428925747
2012-12-25 09:00:00,56.15337652780071
2012-12-25 10:00:00,65.69800080959979
2012-12-25 11:00:00,75.1185642963525
2012-12-25 12:00:00,80.18254557217001
2012-12-25 13:00:00,138.76259562203296
2012-12-25 14:00:00,145.99711852509762
2012-12-25 15:00:00,127.58352326886823
2012-12-25 16:00:00,144.50912203931404
2012-12-25 17:00:00,131.47215005779
2012-12-25 18:00:00,124.51443183531985
2012-12-25 19:00:00,129.31479771735428
2012-12-25 20:00:00,137.32907670979625
2012-12-25 21:00:00,137.73375544746312
2012-12-25 22:00:00,139.61045444641894
2012-12-25 23:00:00,148.3311259435618
2012-12-26 00:00:00,54.740967486893986
2012-12-26 01:00:00,52.755197531893366
2012-12-26 02:00:00,55.19741766694377
2012-12-26 03:00:00,53.75509240881802
2012-12-26 04:00:00,50.92686016718241
2012-12-26 05:00:00,58.40645941926202
2012-12-26 06:00:00,60.207919250157985
2012-12-26 07:00:00,37.419393432023455
2012-12-26 08:00:00,39.151666276340194
2012-12-26 09:00:00,40.964132008139366
2012-12-26 10:00:00,42.54234924235822
2012-12-26 11:00:00,44.952953541512095
2012-12-26 12:00:00,47.87763026314415
2012-12-26 13:00:00,50.0940509784009
2012-12-26 14:00:00,49.65889963759797
2012-12-26 15:00:00,58.800440748028734
2012-12-26 16:00:00,61.52251605175326
2012-12-26 17:00:00,60.234116019985805
2012-12-26 18:00:00,66.08421271536557
2012-12-26 19:00:00,76.62132745357115
2012-12-26 20:00:00,78.54263303345354
2012-12-26 21:00:00,112.23264460990718
2012-12-26 22:00:00,72.56784029895174
2012-12-26 23:00:00,83.20470163028637
2012-12-27 00:00:00,29.384425907915798
2012-12-27 01:00:00,28.05566417949627
2012-12-27 02:00:00,42.19378192204725
2012-12-27 03:00:00,44.43588295093592
2012-12-27 04:00:00,46.250932517294665
2012-12-27 05:00:00,52.1566351872002
2012-12-27 06:00:00,57.01385798170062
2012-12-27 07:00:00,59.37837797699818
2012-12-27 08:00:00,67.89744086595697
2012-12-27 09:00:00,75.24932404958875
2012-12-27 10:00:00,85.54562807984809
2012-12-27 11:00:00,98.10966626528169
2012-12-27 12:00:00,109.45752690684455
2012-12-27 13:00:00,114.52469353024902
2012-12-27 14:00:00,107.56800969915724
2012-12-27 15:00:00,110.47484087811262
2012-12-27 16:00:00,123.43534904874737
2012-12-27 17:00:00,129.14959729209025
2012-12-27 18:00:00,119.00470520290459
2012-12-27 19:00:00,112.31309430212536
2012-12-27 20:00:00,121.40170978807075
2012-12-27 21:00:00,136.3090381874997
2012-12-27 22:00:00,139.2637474749535
2012-12-27 23:00:00,149.2215913215914
2012-12-28 00:00:00,53.162063625731975
2012-12-28 01:00:00,50.181840241271054
2012-12-28 02:00:00,53.29185761860733
2012-12-28 03:00:00,60.89229622081636
2012-12-28 04:00:00,64.76359789958299
2012-12-28 05:00:00,67.5106031269455
2012-12-28 06:00:00,59.66295612661717
2012-12-28 07:00:00,62.519085293193015
2012-12-28 08:00:00,75.78689080843733
2012-12-28 09:00:00,77.3290168329843
2012-12-28 10:00:00,89.34138425089759
2012-12-28 11:00:00,103.22233706662412
2012-12-28 12:00:00,116.20253400731157
2012-12-28 13:00:00,121.581950284257
2012-12-28 14:00:00,127.2103983033058
2012-12-28 15:00:00,132.806084758349
2012-12-28 16:00:00,128.64190467964661
2012-12-28 17:00:00,105.20308792170354
2012-12-28 18:00:00,110.07330188377881
2012-12-28 19:00:00,116.06982406220125
2012-12-28 20:00:00,126.40071547097864
2012-12-28 21:00:00,122.18407049417641
2012-12-28 22:00:00,130.43871576075702
2012-12-28 23:00:00,144.24393652711018
2012-12-29 00:00:00,45.725142953379205
2012-12-29 01:00:00,46.28791275008911
2012-12-29 02:00:00,50.056685056532196
2012-12-29 03:00:00,49.55392366263988
2012-12-29 04:00:00,53.01858322251922
2012-12-29 05:00:00,55.4729963900484
2012-12-29 06:00:00,61.57226976883681
2012-12-29 07:00:00,64.90283142947852
2012-12-29 08:00:00,58.143413881944646
2012-12-29 09:00:00,60.835073144848735
2012-12-29 10:00:00,48.9341700207987
2012-12-29 11:00:00,44.334127467992204
2012-12-29 12:00:00,41.98001076358616
2012-12-29 13:00:00,43.92341032141136
2012-12-29 14:00:00,72.99163278648405
2012-12-29 15:00:00,74.68442155528669
2012-12-29 16:00:00,84.61269392785319
2012-12-29 17:00:00,84.69523811628497
2012-12-29 18:00:00,100.10731724936085
2012-12-29 19:00:00,127.14369946230444
2012-12-29 20:00:00,151.45713541298056
2012-12-29 21:00:00,156.12860408719834
2012-12-29 22:00:00,155.1247070667308
2012-12-29 23:00:00,144.63081025433831
2012-12-30 00:00:00,54.90044428142841
2012-12-30 01:00:00,60.096962475295584
2012-12-30 02:00:00,62.727585025853344
2012-12-30 03:00:00,65.78994682525723
2012-12-30 04:00:00,69.80406124904121
2012-12-30 05:00:00,76.38447250940564
2012-12-30 06:00:00,74.00953078358422
2012-12-30 07:00:00,69.54881771667183
2012-12-30 08:00:00,75.68255444379963
2012-12-30 09:00:00,80.17936208808972
2012-12-30 10:00:00,99.44741410421715
2012-12-30 11:00:00,103.05120170544731
2012-12-30 12:00:00,118.71727830650786
2012-12-30 13:00:00,134.68000833792703
2012-12-30 14:00:00,138.49956587484942
2012-12-30 15:00:00,132.88204837385467
2012-12-30 16:00:00,137.79380246231335
2012-12-30 17:00:00,132.21732300135614
2012-12-30 18:00:00,139.3653567189062
2012-12-30 19:00:00,141.4626803781456
2012-12-30 20:00:00,133.1500657616675
2012-12-30 21:00:00,131.97193974204802
2012-12-30 22:00:00,129.01597273252327
2012-12-30 23:00:00,142.15522245275483
2012-12-31 00:00:00,46.1628169518999
2012-12-31 01:00:00,48.29985304170742
2012-12-31 02:00:00,46.52193218908193
2012-12-31 03:00:00,49.46944582063489
2012-12-31 04:00:00,44.91887793072858
2012-12-31 05:00:00,49.229997613225315
2012-12-31 06:00:00,52.75142869104482
2012-12-31 07:00:00,56.51171676387881
2012-12-31 08:00:00,52.56443754486927
2012-12-31 09:00:00,70.75060319286405
2012-12-31 10:00:00,70.56203251020052
2012-12-31 11:00:00,85.41395195293902
2012-12-31 12:00:00,93.41408392170109
2012-12-31 13:00:00,117.92162132919333
2012-12-31 14:00:00,127.75760779434388
2012-12-31 15:00:00,134.8713150897145
2012-12-31 16:00:00,130.1813885626196
2012-12-31 17:00:00,141.2428977533623
2012-12-31 18:00:00,144.83772936401377
2012-12-31 19:00:00,129.5968181531742
2012-12-31 20:00:00,135.59630206261852
2012-12-31 21:00:00,131.05517905773962
2012-12-31 22:00:00,146.75351044694102
2012-12-31 23:00:00,138.98707798653535
